,name,team,position,median_fpts,high_fpts,low_fpts
0,Josh Allen,BUF,qb,379.6,438.8,371.2
1,Patrick Mahomes II,KC,qb,377.1,442.2,367.6
2,Kyler Murray,ARI,qb,357.3,414.4,352.0
3,Lamar Jackson,BAL,qb,349.4,406.8,327.9
4,Dak Prescott,DAL,qb,341.0,403.9,340.4
5,Aaron Rodgers,GB,qb,333.6,400.5,314.3
6,Justin Herbert,LAC,qb,332.7,379.9,306.8
7,Russell Wilson,SEA,qb,332.7,426.3,311.6
8,Tom Brady,TB,qb,322.2,388.5,312.8
9,Ryan Tannehill,TEN,qb,304.9,360.2,290.2
10,Jalen Hurts,PHI,qb,303.8,359.7,290.1
11,Joe Burrow,CIN,qb,287.2,349.2,284.3
12,Matthew Stafford,LAR,qb,285.0,333.2,279.3
13,Trevor Lawrence,JAC,qb,275.1,333.1,265.9
14,Kirk Cousins,MIN,qb,274.9,346.2,258.8
15,Matt Ryan,ATL,qb,272.9,328.8,266.9
16,Derek Carr,LV,qb,268.3,327.1,259.1
17,Tua Tagovailoa,MIA,qb,267.8,306.3,262.0
18,Baker Mayfield,CLE,qb,267.5,318.8,261.3
19,Ben Roethlisberger,PIT,qb,260.3,318.0,255.4
20,Ryan Fitzpatrick,WAS,qb,257.9,286.5,261.5
21,Daniel Jones,NYG,qb,253.6,322.3,258.5
22,Sam Darnold,CAR,qb,249.9,324.0,221.0
23,Zach Wilson,NYJ,qb,248.0,309.0,239.3
24,Jared Goff,DET,qb,237.6,266.5,249.7
25,Deshaun Watson,HOU,qb,198.8,322.9,135.1
26,Carson Wentz,IND,qb,198.3,247.6,186.8
27,Justin Fields,CHI,qb,190.2,283.9,127.9
28,Cam Newton,NE,qb,187.9,288.0,133.4
29,Jameis Winston,NO,qb,177.1,261.2,146.3
30,Trey Lance,SF,qb,176.7,292.6,76.0
31,Teddy Bridgewater,DEN,qb,137.0,200.2,119.0
32,Taysom Hill,NO,qb,132.1,165.7,113.7
33,Jimmy Garoppolo,SF,qb,125.7,271.2,75.4
34,Tyrod Taylor,HOU,qb,124.2,197.4,21.5
35,Drew Lock,DEN,qb,112.3,148.8,91.0
36,Mac Jones,NE,qb,95.3,137.2,24.2
37,Davis Mills,HOU,qb,94.8,94.8,94.8
38,Andy Dalton,CHI,qb,87.4,181.4,38.7
39,Jacob Eason,IND,qb,63.6,97.2,29.6
40,Taylor Heinicke,WAS,qb,18.8,52.6,0.0
41,Kyle Trask,TB,qb,16.2,22.1,10.3
42,Mason Rudolph,PIT,qb,14.7,28.7,0.0
43,Jacoby Brissett,MIA,qb,14.3,30.9,0.0
44,Phillip Walker,CAR,qb,13.3,24.8,0.0
45,James Morgan,NYJ,qb,12.3,17.8,6.7
46,Tim Boyle,DET,qb,10.9,31.5,0.0
47,Kellen Mond,MIN,qb,10.7,11.6,9.8
48,Joe Flacco,PHI,qb,10.6,21.8,0.0
49,DeShone Kizer,TEN,qb,10.5,10.5,10.5
50,Gardner Minshew II,JAC,qb,9.7,19.2,0.0
51,Marcus Mariota,LV,qb,9.6,19.3,0.0
52,Mitchell Trubisky,BUF,qb,9.3,17.9,0.0
53,Chad Henne,KC,qb,9.0,15.5,0.0
54,Trace McSorley,BAL,qb,8.5,19.4,0.0
55,John Wolford,LAR,qb,8.3,13.6,0.0
56,Garrett Gilbert,DAL,qb,7.9,14.2,0.0
57,Geno Smith,SEA,qb,7.7,12.6,0.0
58,Brandon Allen,CIN,qb,7.6,12.9,0.0
59,Jordan Love,GB,qb,7.3,12.5,0.0
60,Chase Daniel,LAC,qb,7.2,13.2,0.0
61,Ian Book,NO,qb,7.2,7.2,7.2
62,Jake Dolegala,NE,qb,7.1,7.1,7.1
63,Chris Streveler,ARI,qb,6.5,13.5,0.0
64,Tyler Huntley,BAL,qb,6.3,12.6,0.0
65,Blaine Gabbert,TB,qb,6.3,12.9,0.0
66,AJ McCarron,ATL,qb,6.2,12.8,0.0
67,Mike Glennon,NYG,qb,5.8,12.3,0.0
68,David Blough,DET,qb,5.6,11.5,0.0
69,Colt McCoy,ARI,qb,5.2,10.4,0.0
70,Dwayne Haskins,PIT,qb,4.9,9.7,0.0
71,Logan Woodside,TEN,qb,4.5,9.0,0.0
72,Case Keenum,CLE,qb,4.4,10.1,0.0
73,Jarrett Stidham,NE,qb,4.3,8.5,0.0
74,Nick Mullens,PHI,qb,2.2,8.4,0.0
75,Brett Hundley,IND,qb,1.5,3.0,0.0
76,Ryan Griffin,TB,qb,0.0,0.0,0.0
77,Cooper Rush,DAL,qb,0.0,0.0,0.0
78,Devlin Hodges,LAR,qb,0.0,0.0,0.0
79,Sean Mannion,SEA,qb,0.0,0.0,0.0
80,Josh Rosen,SF,qb,0.0,0.0,0.0
81,Jake Luton,JAC,qb,0.0,0.0,0.0
82,Trevor Siemian,NO,qb,0.0,0.0,0.0
83,Kyle Lauletta,CLE,qb,0.0,0.0,0.0
84,Ben DiNucci,DAL,qb,0.0,0.0,0.0
85,Nate Sudfeld,SF,qb,0.0,0.0,0.0
86,Kyle Allen,WAS,qb,0.0,0.0,0.0
87,Josh Johnson,NYJ,qb,0.0,0.0,0.0
88,Will Grier,CAR,qb,0.0,0.0,0.0
89,Nathan Peterman,LV,qb,0.0,0.0,0.0
90,Nick Foles,CHI,qb,0.0,0.0,0.0
91,Joshua Dobbs,PIT,qb,0.0,0.0,0.0
92,Brett Rypien,DEN,qb,0.0,0.0,0.0
93,Matt Barkley,TEN,qb,0.0,0.0,0.0
94,C.J. Beathard,JAC,qb,0.0,0.0,0.0
95,Easton Stick,LAC,qb,0.0,0.0,0.0
96,Christian McCaffrey,CAR,rb,301.4,338.7,247.4
97,Dalvin Cook,MIN,rb,279.5,307.0,250.6
98,Derrick Henry,TEN,rb,270.1,284.6,257.0
99,Alvin Kamara,NO,rb,238.4,279.2,217.6
100,Saquon Barkley,NYG,rb,235.3,253.8,217.8
101,Jonathan Taylor,IND,rb,229.5,254.2,214.0
102,Nick Chubb,CLE,rb,228.0,256.1,198.3
103,Aaron Jones,GB,rb,226.2,249.2,210.2
104,Ezekiel Elliott,DAL,rb,225.9,256.9,217.5
105,Joe Mixon,CIN,rb,214.9,239.8,192.7
106,Najee Harris,PIT,rb,210.4,240.8,194.4
107,Austin Ekeler,LAC,rb,206.3,234.7,183.2
108,Antonio Gibson,WAS,rb,204.7,240.2,186.5
109,Chris Carson,SEA,rb,192.8,225.8,181.8
110,J.K. Dobbins,BAL,rb,192.0,226.6,162.2
111,Clyde Edwards-Helaire,KC,rb,191.5,228.2,176.3
112,David Montgomery,CHI,rb,191.0,234.5,168.7
113,D'Andre Swift,DET,rb,190.2,218.2,168.4
114,Josh Jacobs,LV,rb,187.4,214.6,174.6
115,Miles Sanders,PHI,rb,180.5,197.6,152.6
116,Darrell Henderson,LAR,rb,180.4,227.0,142.5
117,Myles Gaskin,MIA,rb,173.0,204.8,157.4
118,Mike Davis,ATL,rb,163.8,201.5,145.7
119,Chase Edmonds,ARI,rb,155.7,164.8,148.1
120,Kareem Hunt,CLE,rb,146.1,165.2,139.5
121,Travis Etienne,JAC,rb,144.1,171.3,117.9
122,Javonte Williams,DEN,rb,139.3,156.8,121.9
123,Raheem Mostert,SF,rb,139.0,165.6,130.4
124,Damien Harris,NE,rb,136.2,150.4,121.9
125,James Robinson,JAC,rb,135.6,156.2,110.7
126,David Johnson,HOU,rb,131.3,154.0,109.7
127,Leonard Fournette,TB,rb,130.2,153.4,113.6
128,Melvin Gordon III,DEN,rb,122.3,150.0,111.8
129,Zack Moss,BUF,rb,122.3,144.4,105.6
130,James Conner,ARI,rb,119.8,151.2,99.7
131,Ronald Jones II,TB,rb,115.8,125.3,113.1
132,Michael Carter,NYJ,rb,115.6,136.0,110.1
133,Trey Sermon,SF,rb,113.5,132.4,99.0
134,Gus Edwards,BAL,rb,113.1,121.1,106.6
135,Kenyan Drake,LV,rb,111.5,120.9,101.3
136,Latavius Murray,NO,rb,106.8,118.9,93.7
137,Jamaal Williams,DET,rb,103.9,109.3,103.3
138,AJ Dillon,GB,rb,102.1,114.7,90.7
139,Devin Singletary,BUF,rb,96.7,109.7,93.3
140,Tony Pollard,DAL,rb,96.6,107.0,84.0
141,J.D. McKissic,WAS,rb,87.5,94.3,77.3
142,Nyheim Hines,IND,rb,85.9,97.1,77.0
143,James White,NE,rb,85.8,103.6,78.5
144,Tevin Coleman,NYJ,rb,85.6,99.1,79.3
145,Alexander Mattison,MIN,rb,84.1,93.7,74.3
146,Tarik Cohen,CHI,rb,81.2,98.0,62.2
147,Phillip Lindsay,HOU,rb,75.3,89.7,55.4
148,Rashaad Penny,SEA,rb,72.5,91.5,59.9
149,Darrel Williams,KC,rb,71.4,92.9,62.4
150,Sony Michel,NE,rb,68.9,94.2,40.8
151,Xavier Jones,LAR,rb,62.8,74.7,55.6
152,Giovani Bernard,TB,rb,62.6,102.0,43.5
153,Damien Williams,CHI,rb,61.1,97.3,31.1
154,Ty Johnson,NYJ,rb,59.8,64.6,56.6
155,Jeff Wilson Jr.,SF,rb,59.2,69.4,51.8
156,Malcolm Brown,MIA,rb,58.5,82.8,34.0
157,Joshua Kelley,LAC,rb,57.8,82.0,42.5
158,Darrynton Evans,TEN,rb,55.4,78.4,27.7
159,Qadree Ollison,ATL,rb,54.8,77.1,36.2
160,Boston Scott,PHI,rb,54.3,81.9,18.5
161,Salvon Ahmed,MIA,rb,54.0,64.3,34.3
162,Marlon Mack,IND,rb,53.5,77.1,41.4
163,Cordarrelle Patterson,ATL,rb,51.8,59.5,43.3
164,Justin Jackson,LAC,rb,50.0,69.3,38.5
165,Devontae Booker,NYG,rb,49.1,61.8,39.4
166,Rex Burkhead,HOU,rb,47.4,101.9,7.0
167,Jake Funk,LAR,rb,47.3,47.3,47.3
168,Wayne Gallman,SF,rb,47.2,111.0,15.2
169,Chuba Hubbard,CAR,rb,46.9,76.0,29.5
170,Rhamondre Stevenson,NE,rb,46.6,87.6,19.9
171,Mark Ingram II,HOU,rb,46.4,72.8,35.8
172,Larry Rountree III,LAC,rb,45.3,45.3,45.3
173,DeeJay Dallas,SEA,rb,44.7,91.5,25.4
174,Kenneth Gainwell,PHI,rb,44.2,95.9,25.8
175,Kyle Juszczyk,SF,rb,43.0,82.0,20.9
176,Brian Hill,TEN,rb,41.2,90.9,13.9
177,Trayveon Williams,CIN,rb,39.8,94.8,9.0
178,Javian Hawkins,ATL,rb,39.0,39.0,39.0
179,Samaje Perine,CIN,rb,37.7,45.5,25.8
180,Mike Boone,DEN,rb,37.5,53.3,23.6
181,Peyton Barber,WAS,rb,37.0,47.2,28.0
182,Benny Snell Jr.,PIT,rb,37.0,53.4,19.1
183,Matt Breida,BUF,rb,32.7,78.5,18.7
184,Carlos Hyde,JAC,rb,32.4,60.4,11.2
185,Brandon Bolden,NE,rb,32.3,48.7,16.0
186,Johnny Stanton,CLE,rb,29.0,29.0,29.0
187,Jermar Jefferson,DET,rb,27.9,28.1,28.1
188,Jalen Richard,LV,rb,27.6,40.2,16.7
189,Elijah Mitchell,SF,rb,26.5,33.5,19.4
190,Raymond Calais,LAR,rb,23.7,26.8,20.5
191,La'Mical Perine,NYJ,rb,23.1,33.6,13.0
192,Jaylen Samuels,PIT,rb,21.8,25.3,18.0
193,Anthony McFarland Jr.,PIT,rb,18.6,29.1,9.9
194,Jerick McKinnon,KC,rb,18.2,21.2,16.3
195,Kerryon Johnson,PHI,rb,17.9,44.7,1.5
196,Chris Evans,CIN,rb,16.5,25.1,8.2
197,Eno Benjamin,ARI,rb,16.2,26.2,3.6
198,Justice Hill,BAL,rb,16.0,24.9,1.4
199,Demetric Felton,CLE,rb,15.4,22.7,8.1
200,Kylin Hill,GB,rb,15.0,15.8,14.4
201,Josh Adams,NYJ,rb,15.0,26.1,3.8
202,Dontrell Hilliard,HOU,rb,14.1,26.9,1.8
203,Tony Brooks-James,PIT,rb,13.8,19.5,8.1
204,Lamar Miller,WAS,rb,13.8,26.4,1.5
205,Travis Homer,SEA,rb,13.4,25.2,3.7
206,JaMycal Hasty,SF,rb,13.3,26.1,5.7
207,Jordan Howard,PHI,rb,12.9,24.8,1.4
208,Jeremy McNichols,TEN,rb,12.8,24.2,1.5
209,Trey Edmunds,PIT,rb,12.3,12.3,12.3
210,Ty Montgomery,NO,rb,11.9,21.2,1.5
211,Ke'Shawn Vaughn,TB,rb,11.5,15.4,7.2
212,D'Ernest Johnson,CLE,rb,11.5,22.7,1.5
213,Jordan Wilkins,IND,rb,11.5,24.0,4.8
214,Royce Freeman,DEN,rb,10.8,15.0,6.8
215,Gary Brightwell,NYG,rb,10.4,11.0,10.0
216,Ameer Abdullah,MIN,rb,10.3,14.2,3.5
217,Devonta Freeman,NO,rb,10.2,10.1,10.1
218,Alec Ingold,LV,rb,9.8,12.2,7.5
219,Patrick Ricard,BAL,rb,9.8,21.9,3.6
220,C.J. Ham,MIN,rb,9.7,11.9,7.4
221,Kene Nwangwu,MIN,rb,9.3,11.2,7.5
222,Gerrid Doaks,MIA,rb,9.1,9.1,9.1
223,Reggie Bonnafon,CAR,rb,7.9,12.3,3.4
224,Alex Armah,NO,rb,7.3,7.3,7.0
225,Rico Dowdle,DAL,rb,7.0,13.0,1.4
226,Andrew Beck,DEN,rb,7.0,6.8,6.8
227,Khalil Herbert,CHI,rb,6.8,6.8,6.8
228,Buddy Howell,HOU,rb,6.5,6.4,6.4
229,Nick Bellore,SEA,rb,5.8,5.8,5.8
230,Gabe Nabers,LAC,rb,5.8,6.3,4.7
231,Keith Smith,ATL,rb,5.5,5.7,4.6
232,Antonio Williams,BUF,rb,5.2,6.2,4.5
233,Kalen Ballage,PIT,rb,5.1,9.0,2.1
234,Andy Janovich,CLE,rb,4.8,5.7,4.4
235,Darwin Thompson,KC,rb,4.8,6.2,3.5
236,Trenton Cannon,CAR,rb,4.4,8.0,1.3
237,Alex Collins,SEA,rb,4.4,7.8,1.5
238,Derek Watt,PIT,rb,4.3,6.1,2.3
239,Ben Mason,BAL,rb,4.1,4.1,4.1
240,Dwayne Washington,NO,rb,4.0,7.1,1.5
241,Michael Burton,KC,rb,3.9,5.0,3.3
242,J.J. Taylor,NE,rb,3.8,6.8,1.4
243,Corey Clement,NYG,rb,3.1,3.4,2.7
244,Dexter Williams,GB,rb,3.0,3.7,2.4
245,Devine Ozigbo,JAC,rb,2.9,4.6,1.9
246,Elijhaa Penny,NYG,rb,2.8,4.8,1.2
247,Khari Blasingame,TEN,rb,2.7,4.5,1.4
248,Jakob Johnson,NE,rb,2.2,4.0,0.7
249,Dare Ogunbowale,JAC,rb,1.8,2.5,2.5
250,Jonathan Williams,WAS,rb,1.7,2.3,2.3
251,Patrick Laird,MIA,rb,1.2,1.7,1.7
252,Taiwan Jones,BUF,rb,1.2,1.6,1.6
253,Elijah McGuire,KC,rb,1.1,1.6,1.6
254,C.J. Prosise,TB,rb,1.1,1.6,1.6
255,Ryan Nall,CHI,rb,1.0,1.4,1.4
256,Adrian Killins Jr.,PHI,rb,1.0,1.4,1.4
257,Jason Huntley,PHI,rb,1.0,1.4,1.4
258,Artavis Pierce,CHI,rb,1.0,1.4,1.4
259,Austin Walter,NYJ,rb,1.0,1.4,1.4
260,LeVante Bellamy,DEN,rb,1.0,1.4,1.4
261,Nathan Cottrell,JAC,rb,1.0,1.4,1.4
262,Damarea Crockett,DEN,rb,1.0,1.4,1.4
263,Jason Cabinda,DET,rb,1.0,1.4,1.4
264,Scottie Phillips,HOU,rb,1.0,1.4,1.4
265,Jordan Scarlett,MIA,rb,0.9,1.4,1.4
266,Taquan Mizzell,NYG,rb,0.9,1.2,1.2
267,Cullen Gillaspia,NYG,rb,0.9,1.2,1.2
268,Alfred Morris,NYG,rb,0.9,1.2,1.2
269,Tony Jones Jr.,NO,rb,0.1,0.4,0.4
270,Tyreek Hill,KC,wr,229.0,250.1,212.6
271,Davante Adams,GB,wr,220.8,246.8,206.6
272,Stefon Diggs,BUF,wr,202.5,226.7,182.3
273,Calvin Ridley,ATL,wr,196.6,207.6,183.0
274,DeAndre Hopkins,ARI,wr,190.3,213.0,178.3
275,D.K. Metcalf,SEA,wr,187.1,195.8,184.6
276,Justin Jefferson,MIN,wr,185.3,200.1,170.4
277,A.J. Brown,TEN,wr,184.2,197.9,169.6
278,Keenan Allen,LAC,wr,168.5,186.5,150.0
279,Amari Cooper,DAL,wr,166.1,178.7,157.1
280,Mike Evans,TB,wr,166.1,180.1,156.0
281,Terry McLaurin,WAS,wr,162.4,175.9,151.2
282,Allen Robinson II,CHI,wr,162.0,175.1,150.0
283,Robert Woods,LAR,wr,159.3,172.0,153.1
284,Adam Thielen,MIN,wr,158.9,167.0,155.3
285,CeeDee Lamb,DAL,wr,156.5,164.6,145.6
286,Tyler Lockett,SEA,wr,154.3,163.0,146.6
287,Julio Jones,TEN,wr,153.7,169.0,134.1
288,D.J. Moore,CAR,wr,153.2,164.4,138.8
289,Cooper Kupp,LAR,wr,151.1,165.1,143.5
290,Chris Godwin,TB,wr,149.8,160.8,144.1
291,Odell Beckham Jr.,CLE,wr,145.6,160.1,141.8
292,Courtland Sutton,DEN,wr,145.0,159.9,135.2
293,Kenny Golladay,NYG,wr,144.3,151.2,135.1
294,Tee Higgins,CIN,wr,144.1,152.6,137.2
295,Ja'Marr Chase,CIN,wr,141.5,157.1,123.9
296,Brandon Aiyuk,SF,wr,140.8,167.9,122.7
297,D.J. Chark Jr.,JAC,wr,138.2,158.9,131.2
298,Chase Claypool,PIT,wr,137.3,156.6,112.5
299,Diontae Johnson,PIT,wr,136.9,141.0,137.2
300,Brandin Cooks,HOU,wr,136.4,146.4,132.0
301,Deebo Samuel,SF,wr,131.4,152.3,122.6
302,Robby Anderson,CAR,wr,130.4,133.9,127.7
303,JuJu Smith-Schuster,PIT,wr,129.3,137.2,122.3
304,Michael Gallup,DAL,wr,128.2,136.4,123.5
305,Jerry Jeudy,DEN,wr,127.6,136.7,117.9
306,Tyler Boyd,CIN,wr,124.0,139.9,116.5
307,Marquise Brown,BAL,wr,123.8,135.8,117.5
308,Curtis Samuel,WAS,wr,121.7,138.2,99.9
309,Mike Williams,LAC,wr,121.4,136.3,103.5
310,Jarvis Landry,CLE,wr,120.4,133.4,106.8
311,Laviska Shenault Jr.,JAC,wr,119.6,129.1,103.2
312,DeVante Parker,MIA,wr,118.8,133.2,98.9
313,Michael Thomas,NO,wr,118.1,131.7,112.3
314,DeVonta Smith,PHI,wr,116.2,126.2,99.4
315,Will Fuller V,MIA,wr,115.4,134.0,88.6
316,T.Y. Hilton,IND,wr,113.7,130.2,106.7
317,Corey Davis,NYJ,wr,109.7,114.1,102.9
318,Marvin Jones Jr.,JAC,wr,106.9,135.8,74.2
319,Mecole Hardman,KC,wr,106.7,118.3,100.9
320,Antonio Brown,TB,wr,104.1,118.6,72.1
321,Darnell Mooney,CHI,wr,103.9,116.0,88.2
322,Jaylen Waddle,MIA,wr,102.9,121.1,77.5
323,Breshad Perriman,DET,wr,102.5,110.0,99.5
324,Henry Ruggs III,LV,wr,102.2,118.0,88.6
325,Cole Beasley,BUF,wr,100.8,119.5,87.5
326,Tyrell Williams,DET,wr,99.9,121.7,86.7
327,Michael Pittman Jr.,IND,wr,98.5,120.8,78.4
328,Nelson Agholor,NE,wr,97.6,113.2,80.0
329,Jalen Reagor,PHI,wr,97.6,116.1,73.6
330,Emmanuel Sanders,BUF,wr,97.3,131.3,71.0
331,Tre'Quan Smith,NO,wr,97.2,117.3,80.9
332,Russell Gage,ATL,wr,96.2,107.1,81.7
333,Gabriel Davis,BUF,wr,93.0,111.7,70.5
334,Elijah Moore,NYJ,wr,88.6,104.2,66.6
335,John Brown,LV,wr,86.2,99.1,77.7
336,Sterling Shepard,NYG,wr,86.1,103.6,73.5
337,Christian Kirk,ARI,wr,84.6,116.7,60.0
338,A.J. Green,ARI,wr,84.1,95.8,70.4
339,Randall Cobb,GB,wr,83.4,97.3,53.6
340,Rashod Bateman,BAL,wr,83.2,100.2,51.7
341,Rondale Moore,ARI,wr,80.2,102.1,43.3
342,DeSean Jackson,LAR,wr,78.7,97.6,63.5
343,Jamison Crowder,NYJ,wr,78.5,101.3,62.2
344,Darius Slayton,NYG,wr,76.9,91.2,59.7
345,Allen Lazard,GB,wr,76.9,97.7,56.6
346,Parris Campbell,IND,wr,76.4,95.7,46.4
347,Terrace Marshall Jr.,CAR,wr,75.6,107.6,43.7
348,Jakobi Meyers,NE,wr,72.3,98.5,49.5
349,Van Jefferson,LAR,wr,68.2,96.9,38.1
350,Hunter Renfrow,LV,wr,67.2,88.8,42.2
351,Denzel Mims,NYJ,wr,67.1,93.1,52.1
352,Anthony Miller,HOU,wr,66.6,82.5,46.1
353,Josh Reynolds,TEN,wr,64.8,80.6,45.7
354,Marquez Valdes-Scantling,GB,wr,64.3,96.2,42.9
355,Chris Conley,HOU,wr,63.5,93.5,50.8
356,Keelan Cole Sr.,NYJ,wr,62.5,87.0,50.4
357,Sammy Watkins,BAL,wr,62.4,85.3,42.3
358,Marquez Callaway,NO,wr,61.9,62.7,60.5
359,James Washington,PIT,wr,61.7,91.9,51.2
360,D'Wayne Eskridge,SEA,wr,61.0,70.1,53.2
361,Amon-Ra St. Brown,DET,wr,59.6,65.3,52.6
362,Rashard Higgins,CLE,wr,59.3,79.9,39.0
363,Demarcus Robinson,KC,wr,59.1,74.1,51.0
364,Zach Pascal,IND,wr,56.7,98.4,30.9
365,Jalen Guyton,LAC,wr,56.6,76.6,43.0
366,Geronimo Allison,DET,wr,55.4,53.8,53.8
367,Josh Palmer,LAC,wr,55.1,73.1,41.0
368,Nico Collins,HOU,wr,54.6,79.8,8.6
369,KJ Hamler,DEN,wr,54.4,78.9,42.6
370,Kendrick Bourne,NE,wr,53.3,66.8,44.1
371,Kadarius Toney,NYG,wr,52.0,78.9,37.2
372,Tim Patrick,DEN,wr,51.1,94.7,24.5
373,Olamide Zaccheaus,ATL,wr,51.1,74.5,28.4
374,Keke Coutee,HOU,wr,49.3,84.6,29.8
375,Preston Williams,MIA,wr,47.9,104.2,26.2
376,Deonte Harris,NO,wr,46.6,51.1,39.3
377,Mohamed Sanu,SF,wr,45.7,75.7,10.5
378,Tyron Johnson,LAC,wr,45.2,82.5,25.9
379,Bryan Edwards,LV,wr,44.9,48.2,39.0
380,Adam Humphries,WAS,wr,42.1,53.9,34.7
381,Richie James Jr.,SF,wr,41.2,81.9,20.7
382,Byron Pringle,KC,wr,40.7,51.6,29.3
383,Dyami Brown,WAS,wr,40.6,52.2,22.1
384,Quintez Cephus,DET,wr,40.2,58.3,27.5
385,Travis Fulgham,PHI,wr,39.5,50.4,17.7
386,Damiere Byrd,CHI,wr,37.8,83.6,5.9
387,Scotty Miller,TB,wr,36.4,54.5,22.7
388,Tutu Atwell,LAR,wr,35.9,47.6,24.5
389,Isaiah McKenzie,BUF,wr,35.5,44.6,21.0
390,Isaiah Coulter,HOU,wr,35.0,73.0,1.2
391,Auden Tate,CIN,wr,34.3,40.8,31.0
392,Amari Rodgers,GB,wr,31.6,34.4,27.9
393,Greg Ward,PHI,wr,27.4,50.9,6.7
394,N'Keal Harry,NE,wr,27.3,36.5,16.8
395,Devin Duvernay,BAL,wr,26.7,47.4,15.1
396,Dez Fitzpatrick,TEN,wr,25.8,33.5,18.3
397,Phillip Dorsett II,JAC,wr,23.6,31.3,15.7
398,Donovan Peoples-Jones,CLE,wr,23.4,31.5,12.8
399,Collin Johnson,JAC,wr,23.2,25.9,18.5
400,Marquise Goodwin,CHI,wr,22.8,28.3,12.5
401,David Moore,CAR,wr,22.7,44.2,2.3
402,Willie Snead IV,LV,wr,21.9,27.0,16.8
403,Freddie Swain,SEA,wr,21.6,24.9,19.1
404,Dede Westbrook,MIN,wr,19.1,21.9,16.3
405,Lynn Bowden Jr.,MIA,wr,18.3,22.8,13.9
406,KeeSean Johnson,ARI,wr,18.2,31.5,11.3
407,Andy Isabella,ARI,wr,17.9,17.6,17.6
408,Christian Blake,ATL,wr,17.5,24.0,12.9
409,Ray-Ray McCloud,PIT,wr,17.4,22.3,12.7
410,Anthony Schwartz,CLE,wr,17.3,17.3,17.3
411,Miles Boykin,BAL,wr,16.4,29.5,6.6
412,Chris Moore,HOU,wr,16.3,16.1,16.1
413,Jalen Hurd,SF,wr,16.2,23.9,8.8
414,Javon Wims,CHI,wr,16.2,20.1,11.6
415,Tyler Johnson,TB,wr,14.7,19.6,11.1
416,Jamal Agnew,JAC,wr,14.7,16.7,11.8
417,Jeff Smith,NYJ,wr,14.4,14.2,14.2
418,Cedrick Wilson,DAL,wr,14.3,27.5,1.3
419,Chris Hogan,NO,wr,14.0,19.4,8.7
420,Cameron Batson,TEN,wr,13.4,15.8,11.0
421,Chad Beebe,MIN,wr,13.4,23.6,3.1
422,Andre Roberts,HOU,wr,13.1,25.5,1.0
423,Cam Sims,WAS,wr,13.0,28.6,3.0
424,Mike Thomas,CIN,wr,12.7,22.5,3.0
425,Noah Brown,DAL,wr,12.5,24.2,1.3
426,Frank Darby,ATL,wr,11.9,11.9,11.9
427,Alex Erickson,HOU,wr,11.8,12.4,10.6
428,Kalif Raymond,DET,wr,11.7,19.8,6.4
429,Kawaan Baker,NO,wr,11.0,11.0,11.0
430,Penny Hart,SEA,wr,10.9,15.6,6.2
431,DaeSean Hamilton,DEN,wr,10.4,10.4,10.4
432,Steven Sims Jr.,WAS,wr,10.0,9.9,9.9
433,Nick Westbrook-Ikhine,TEN,wr,9.6,23.9,1.7
434,Antonio Gandy-Golden,WAS,wr,9.5,11.2,7.5
435,John Ross,NYG,wr,9.2,14.3,1.2
436,Juwan Johnson,NO,wr,8.3,18.6,2.9
437,Tajae Sharpe,ATL,wr,8.0,9.4,6.6
438,Shi Smith,CAR,wr,7.8,7.8,7.8
439,Lil'Jordan Humphrey,NO,wr,7.5,7.3,7.3
440,Albert Wilson,MIA,wr,7.4,10.3,4.9
441,Diontae Spencer,DEN,wr,7.2,7.2,6.9
442,Ihmir Smith-Marsette,MIN,wr,6.8,8.1,5.6
443,Cornell Powell,KC,wr,6.8,6.8,6.8
444,Victor Bolden Jr.,DET,wr,6.6,7.3,5.7
445,Isaiah Hodgins,BUF,wr,6.6,6.6,6.6
446,Jaelon Darden,TB,wr,6.5,6.5,6.5
447,J.J. Nelson,IND,wr,6.5,6.4,6.4
448,Marcus Johnson,TEN,wr,6.3,6.0,6.0
449,Greg Dortch,ARI,wr,6.3,6.1,6.1
450,Riley Ridley,CHI,wr,6.0,5.9,5.9
451,Jakeem Grant Sr.,MIA,wr,5.9,7.0,4.5
452,Chester Rogers,TEN,wr,5.7,5.4,5.4
453,Gunner Olszewski,NE,wr,5.7,7.0,4.5
454,Zay Jones,LV,wr,5.5,6.0,5.1
455,Tylan Wallace,BAL,wr,5.5,5.5,5.5
456,Dazz Newsome,CHI,wr,5.5,5.5,5.5
457,Trent Taylor,CIN,wr,5.4,5.5,5.4
458,Quez Watkins,PHI,wr,4.8,8.8,1.2
459,Marcus Kemp,KC,wr,3.9,6.9,1.4
460,Devin Funchess,GB,wr,3.8,6.8,1.2
461,Isaac Whitney,ARI,wr,3.4,3.2,3.2
462,Simi Fehoko,DAL,wr,3.4,3.4,3.4
463,Justin Watson,TB,wr,3.3,3.3,3.3
464,Terry Godwin,JAC,wr,3.3,3.0,3.0
465,J.J. Arcega-Whiteside,PHI,wr,3.2,3.1,3.1
466,Brandon Powell,BUF,wr,3.2,3.1,3.1
467,K.J. Hill Jr.,LAC,wr,2.9,4.9,1.4
468,Braxton Berrios,NYJ,wr,2.9,4.2,1.9
469,Racey McMath,TEN,wr,2.8,2.8,2.8
470,Allen Hurns,MIA,wr,2.8,2.5,2.5
471,Travis Benjamin,SF,wr,2.7,2.4,2.4
472,Equanimeous St. Brown,GB,wr,2.7,2.4,2.4
473,Mike Strachan,IND,wr,2.7,2.7,2.7
474,Dezmon Patmon,IND,wr,2.7,2.7,2.7
475,Seth Williams,DEN,wr,2.7,2.7,2.7
476,Malik Taylor,GB,wr,2.4,1.9,1.9
477,Malcolm Perry,MIA,wr,2.3,2.7,2.7
478,Kendall Hinton,DEN,wr,1.9,2.5,2.5
479,Trent Sherfield,SF,wr,1.8,2.9,1.2
480,Isaiah Ford,MIA,wr,1.8,2.1,2.1
481,Brandon Zylstra,CAR,wr,1.7,2.6,1.0
482,Joe Reed,LAC,wr,1.4,2.1,2.1
483,Matt Cole,NYJ,wr,1.4,1.9,1.9
484,DeMichael Harris,IND,wr,1.3,1.8,1.8
485,Trey Quinn,LV,wr,1.2,1.7,1.7
486,Antonio Callaway,KC,wr,1.2,1.6,1.6
487,Damion Ratley,DET,wr,1.2,1.5,1.5
488,Malik Turner,DAL,wr,1.1,1.4,1.4
489,Kelvin Harmon,WAS,wr,1.1,1.4,1.4
490,DeAndre Carter,WAS,wr,1.0,1.3,1.3
491,Vyncint Smith,NYJ,wr,1.0,1.4,1.4
492,John Hightower,PHI,wr,1.0,1.3,1.3
493,Gehrig Dieter,KC,wr,1.0,1.4,1.4
494,Isaiah Wright,WAS,wr,1.0,1.3,1.3
495,Jason Moore,LAC,wr,1.0,1.4,1.4
496,Nsimba Webster,SF,wr,1.0,1.3,1.3
497,Darrius Shepherd,KC,wr,0.9,1.3,1.3
498,Josh Malone,NYJ,wr,0.9,1.3,1.3
499,Jake Lampman,NO,wr,0.9,1.3,1.3
500,Jeff Badet,ATL,wr,0.9,1.3,1.3
501,Chris Rowland,ATL,wr,0.9,1.3,1.3
502,Keelan Doss,LV,wr,0.9,1.2,1.2
503,Chad Hansen,DET,wr,0.9,1.2,1.2
504,Trenton Irwin,CIN,wr,0.9,1.2,1.2
505,Tanner Gentry,BUF,wr,0.9,1.3,1.3
506,Marcell Ateman,LV,wr,0.9,1.2,1.2
507,Lawrence Cager,NYJ,wr,0.9,1.2,1.2
508,Cyril Grayson Jr.,TB,wr,0.9,1.3,1.3
509,John Ursua,SEA,wr,0.9,1.3,1.3
510,Stanley Morgan Jr.,CIN,wr,0.9,1.2,1.2
511,Darvin Kidsy,SEA,wr,0.9,1.3,1.3
512,Marvin Hall,NE,wr,0.9,1.2,1.2
513,Chad Williams,KC,wr,0.9,1.3,1.3
514,KhaDarel Hodge,CLE,wr,0.9,1.2,1.2
515,Robert Foster,MIA,wr,0.9,1.2,1.2
516,Dan Chisena,MIN,wr,0.9,1.2,1.2
517,K.J. Osborn,MIN,wr,0.9,1.2,1.2
518,Derrick Willies,CLE,wr,0.9,1.2,1.2
519,Alexander Hollins,CLE,wr,0.9,1.2,1.2
520,River Cracraft,SF,wr,0.8,1.2,1.2
521,Dante Pettis,NYG,wr,0.8,1.1,1.1
522,Laquon Treadwell,JAC,wr,0.8,1.2,1.2
523,Ja'Marcus Bradley,CLE,wr,0.8,1.2,1.2
524,JoJo Natson,CLE,wr,0.8,1.2,1.2
525,Ashton Dulin,IND,wr,0.8,1.2,1.2
526,Kevin White,SF,wr,0.8,1.1,1.1
527,Mack Hollins,MIA,wr,0.8,1.2,1.2
528,Fred Brown,TEN,wr,0.8,1.2,1.2
529,Tyrie Cleveland,DEN,wr,0.8,1.1,1.1
530,Cody Hollister,TEN,wr,0.8,1.2,1.2
531,Jordan Matthews,SF,wr,0.8,1.1,1.1
532,Justin Hardy,CHI,wr,0.8,1.1,1.1
533,Keith Kirkwood,CAR,wr,0.8,1.1,1.1
534,Ryan Switzer,CLE,wr,0.7,1.0,1.0
535,Travis Kelce,KC,te,199.3,219.2,170.0
536,George Kittle,SF,te,158.4,192.1,142.3
537,Darren Waller,LV,te,155.6,164.1,147.1
538,Mark Andrews,BAL,te,131.8,139.2,123.6
539,Kyle Pitts,ATL,te,119.1,129.5,112.7
540,T.J. Hockenson,DET,te,113.2,118.8,108.7
541,Dallas Goedert,PHI,te,99.9,113.6,95.5
542,Tyler Higbee,LAR,te,97.3,111.7,79.8
543,Robert Tonyan,GB,te,96.5,107.5,84.8
544,Noah Fant,DEN,te,94.5,104.0,85.5
545,Logan Thomas,WAS,te,93.1,108.6,85.8
546,Mike Gesicki,MIA,te,92.2,97.4,88.4
547,Irv Smith Jr.,MIN,te,90.3,95.9,84.0
548,Rob Gronkowski,TB,te,87.8,95.3,82.0
549,Jared Cook,LAC,te,87.0,110.1,73.5
550,Eric Ebron,PIT,te,83.3,95.8,76.8
551,Hunter Henry,NE,te,82.3,95.3,73.7
552,Jonnu Smith,NE,te,81.1,92.9,74.5
553,Blake Jarwin,DAL,te,80.2,91.3,71.8
554,Adam Trautman,NO,te,79.3,96.9,64.4
555,Evan Engram,NYG,te,78.9,86.1,76.1
556,Austin Hooper,CLE,te,75.2,84.2,70.6
557,Anthony Firkser,TEN,te,74.6,80.6,68.2
558,Cole Kmet,CHI,te,67.7,84.4,49.7
559,Zach Ertz,PHI,te,65.8,73.9,56.8
560,Gerald Everett,SEA,te,65.5,76.6,61.2
561,Jordan Akins,HOU,te,63.5,67.8,60.1
562,Dawson Knox,BUF,te,58.3,70.1,54.6
563,Hayden Hurst,ATL,te,58.1,74.2,42.6
564,C.J. Uzomah,CIN,te,55.0,71.4,34.9
565,Jack Doyle,IND,te,54.2,60.2,41.4
566,Chris Herndon IV,NYJ,te,53.1,63.8,44.0
567,Mo Alie-Cox,IND,te,50.5,58.4,48.1
568,Will Dissly,SEA,te,49.5,60.9,36.7
569,Donald Parham Jr.,LAC,te,48.8,55.7,40.7
570,O.J. Howard,TB,te,47.2,67.9,21.1
571,Dan Arnold,CAR,te,47.0,71.8,34.7
572,David Njoku,CLE,te,40.6,46.8,30.3
573,Jacob Hollister,BUF,te,39.2,69.2,20.3
574,Jimmy Graham,CHI,te,39.1,46.8,29.0
575,Tyler Conklin,MIN,te,38.7,43.5,31.3
576,Dalton Schultz,DAL,te,36.2,48.9,13.0
577,Maxx Williams,ARI,te,35.3,41.7,30.6
578,Nick Boyle,BAL,te,34.2,46.3,24.7
579,Geoff Swaim,TEN,te,32.2,40.8,17.8
580,Kyle Rudolph,NYG,te,31.8,47.1,16.4
581,Cameron Brate,TB,te,31.0,46.2,14.2
582,Drew Sample,CIN,te,30.5,51.1,22.6
583,James O'Shaughnessy,JAC,te,30.0,42.9,18.5
584,Darren Fells,DET,te,28.3,46.0,18.8
585,Harrison Bryant,CLE,te,28.0,55.6,14.4
586,Foster Moreau,LV,te,27.9,37.7,19.6
587,Albert Okwuegbunam,DEN,te,25.6,36.9,11.1
588,Adam Shaheen,MIA,te,25.5,34.3,23.7
589,Ryan Izzo,HOU,te,25.3,53.7,1.3
590,Tyler Kroft,NYJ,te,25.1,45.5,1.9
591,Pat Freiermuth,PIT,te,24.8,57.3,6.7
592,Hunter Long,MIA,te,24.1,38.8,11.3
593,Ian Thomas,CAR,te,23.5,45.2,9.3
594,Pharaoh Brown,HOU,te,23.4,26.7,19.3
595,Chris Manhertz,JAC,te,21.7,35.1,4.4
596,Jacob Harris,LAR,te,21.2,24.8,17.7
597,Noah Gray,KC,te,20.4,36.2,6.3
598,Matt Sokol,LAC,te,20.0,20.0,20.0
599,Reggie Gilliam,BUF,te,19.7,19.7,19.7
600,Marcedes Lewis,GB,te,19.5,37.9,6.9
601,Darrell Daniels,ARI,te,19.5,22.5,18.0
602,Brevin Jordan,HOU,te,19.5,30.8,10.1
603,Kyle Markway,LAR,te,19.0,19.0,19.0
604,Nick Vannett,NO,te,18.5,20.9,15.8
605,Kahale Warring,HOU,te,18.3,29.6,5.8
606,Thaddeus Moss,CIN,te,18.1,18.1,18.1
607,Ryan Griffin,NYJ,te,17.6,44.0,2.7
608,Hunter Bryant,DET,te,17.2,21.9,12.4
609,Ross Dwelley,SF,te,17.1,23.7,11.1
610,Devin Asiasi,NE,te,17.1,48.5,1.1
611,Jace Sternberger,GB,te,17.1,26.7,7.4
612,Brycen Hopkins,LAR,te,16.9,23.6,8.2
613,Durham Smythe,MIA,te,16.4,32.0,1.1
614,Austin Fort,DEN,te,16.2,16.2,16.2
615,Derek Carrier,LV,te,16.1,39.5,3.0
616,Luke Farrell,JAC,te,16.0,26.2,7.8
617,Stephen Carlson,CLE,te,15.5,39.8,1.2
618,John Bates,WAS,te,15.3,21.6,11.0
619,Blake Bell,KC,te,13.8,20.3,1.4
620,Jordan Thomas,IND,te,11.8,16.0,7.6
621,Tre' McKitty,LAC,te,10.6,20.0,5.5
622,Tommy Sweeney,BUF,te,10.6,23.1,1.6
623,J.P. Holtz,CHI,te,10.3,19.8,1.3
624,Caleb Wilson,PHI,te,10.3,15.7,4.9
625,Tommy Tremble,CAR,te,9.9,24.7,3.3
626,Noah Togiai,IND,te,9.9,17.4,1.2
627,Evan Baylis,KC,te,9.8,19.5,0.0
628,Daniel Brown,NYJ,te,9.4,17.9,1.3
629,Richard Rodgers,PHI,te,9.4,20.0,2.0
630,Jeremy Sprinkle,DAL,te,9.0,19.4,1.3
631,Charlie Woerner,SF,te,9.0,20.6,1.2
632,Stephen Anderson,LAC,te,9.0,22.5,1.4
633,Johnny Mundt,LAR,te,8.6,10.7,6.4
634,Antony Auclair,HOU,te,8.5,16.1,1.3
635,Zach Gentry,PIT,te,8.4,16.9,1.4
636,Colby Parkinson,SEA,te,8.2,9.5,7.0
637,Jesse James,CHI,te,8.0,15.8,2.4
638,Josiah Deguara,GB,te,6.9,12.6,1.4
639,Josh Oliver,BAL,te,6.6,7.9,5.3
640,Kylen Granson,IND,te,6.3,7.7,5.0
641,Ross Travis,ARI,te,6.3,6.3,6.3
642,Ben Ellefson,JAC,te,6.2,6.2,6.2
643,Nick Keizer,KC,te,5.8,7.1,4.4
644,Mason Schreck,CIN,te,5.2,6.1,4.5
645,Alize Mack,DET,te,5.1,5.1,5.1
646,Dominique Dafney,GB,te,3.9,6.4,1.4
647,Lee Smith,ATL,te,3.6,6.4,1.2
648,Garrett Griffin,NO,te,3.5,6.2,1.4
649,Temarrick Hemingway,WAS,te,3.5,6.1,1.4
650,Trevon Wesco,NYJ,te,3.1,5.4,1.3
651,Cethan Carter,MIA,te,3.1,5.5,1.2
652,Eric Saubert,DEN,te,3.1,5.4,1.1
653,Kaden Smith,NYG,te,3.0,5.3,1.2
654,Zach Davidson,MIN,te,3.0,3.0,3.0
655,Ricky Seals-Jones,WAS,te,2.9,2.6,2.6
656,Jaeden Graham,ATL,te,2.8,3.1,2.5
657,Tanner Hudson,TB,te,2.5,3.6,1.4
658,Deon Yelder,WAS,te,2.4,2.1,2.1
659,Troy Fumagalli,NE,te,2.2,1.9,1.9
660,Brandon Dillon,MIN,te,2.0,3.0,1.3
661,Eric Tomlinson,BAL,te,1.6,2.6,1.1
662,Codey McElroy,TB,te,1.4,1.4,1.4
663,Isaac Nauta,GB,te,1.4,1.3,1.3
664,Kevin Rader,PIT,te,1.1,1.4,1.4
665,Tyrone Swoopes,WAS,te,1.0,1.4,1.4
666,Sean McKeon,DAL,te,0.9,1.4,1.4
667,Jordan Franks,CLE,te,0.9,1.3,1.3
668,Jason Croom,PHI,te,0.9,1.3,1.3
669,Hakeem Butler,PHI,te,0.8,1.2,1.2
670,Tim Tebow,JAC,te,0.8,2.1,2.1
671,MyCole Pruitt,SF,te,0.8,1.3,1.3
672,Jesper Horsted,CHI,te,0.8,1.2,1.2
673,Luke Stocker,TEN,te,0.7,1.1,1.1
674,Cole Hikutini,NYG,te,0.7,1.1,1.1
675,Matt LaCosse,NE,te,0.7,1.1,1.1
676,Colin Thompson,CAR,te,0.7,1.1,1.1
677,Christian McCaffrey,CAR,flex,301.4,338.7,247.4
678,Dalvin Cook,MIN,flex,279.5,307.0,250.6
679,Derrick Henry,TEN,flex,270.1,284.6,257.0
680,Alvin Kamara,NO,flex,238.4,279.2,217.6
681,Saquon Barkley,NYG,flex,235.3,253.8,217.8
682,Jonathan Taylor,IND,flex,229.5,254.2,214.0
683,Tyreek Hill,KC,flex,229.0,250.1,212.6
684,Nick Chubb,CLE,flex,228.0,256.1,198.3
685,Aaron Jones,GB,flex,226.2,249.2,210.2
686,Ezekiel Elliott,DAL,flex,225.9,256.9,217.5
687,Davante Adams,GB,flex,220.8,246.8,206.6
688,Joe Mixon,CIN,flex,214.9,239.8,192.7
689,Najee Harris,PIT,flex,210.4,240.8,194.4
690,Austin Ekeler,LAC,flex,206.3,234.7,183.2
691,Antonio Gibson,WAS,flex,204.7,240.2,186.5
692,Stefon Diggs,BUF,flex,202.5,226.7,182.3
693,Travis Kelce,KC,flex,199.3,219.2,170.0
694,Calvin Ridley,ATL,flex,196.6,207.6,183.0
695,Chris Carson,SEA,flex,192.8,225.8,181.8
696,J.K. Dobbins,BAL,flex,192.0,226.6,162.2
697,Clyde Edwards-Helaire,KC,flex,191.5,228.2,176.3
698,David Montgomery,CHI,flex,191.0,234.5,168.7
699,DeAndre Hopkins,ARI,flex,190.3,213.0,178.3
700,D'Andre Swift,DET,flex,190.2,218.2,168.4
701,Josh Jacobs,LV,flex,187.4,214.6,174.6
702,D.K. Metcalf,SEA,flex,187.1,195.8,184.6
703,Justin Jefferson,MIN,flex,185.3,200.1,170.4
704,A.J. Brown,TEN,flex,184.2,197.9,169.6
705,Miles Sanders,PHI,flex,180.5,197.6,152.6
706,Darrell Henderson,LAR,flex,180.4,227.0,142.5
707,Myles Gaskin,MIA,flex,173.0,204.8,157.4
708,Keenan Allen,LAC,flex,168.5,186.5,150.0
709,Amari Cooper,DAL,flex,166.1,178.7,157.1
710,Mike Evans,TB,flex,166.1,180.1,156.0
711,Mike Davis,ATL,flex,163.8,201.5,145.7
712,Terry McLaurin,WAS,flex,162.4,175.9,151.2
713,Allen Robinson II,CHI,flex,162.0,175.1,150.0
714,Robert Woods,LAR,flex,159.3,172.0,153.1
715,Adam Thielen,MIN,flex,158.9,167.0,155.3
716,George Kittle,SF,flex,158.4,192.1,142.3
717,CeeDee Lamb,DAL,flex,156.5,164.6,145.6
718,Chase Edmonds,ARI,flex,155.7,164.8,148.1
719,Darren Waller,LV,flex,155.6,164.1,147.1
720,Tyler Lockett,SEA,flex,154.3,163.0,146.6
721,Julio Jones,TEN,flex,153.7,169.0,134.1
722,D.J. Moore,CAR,flex,153.2,164.4,138.8
723,Cooper Kupp,LAR,flex,151.1,165.1,143.5
724,Chris Godwin,TB,flex,149.8,160.8,144.1
725,Kareem Hunt,CLE,flex,146.1,165.2,139.5
726,Odell Beckham Jr.,CLE,flex,145.6,160.1,141.8
727,Courtland Sutton,DEN,flex,145.0,159.9,135.2
728,Kenny Golladay,NYG,flex,144.3,151.2,135.1
729,Travis Etienne,JAC,flex,144.1,171.3,117.9
730,Tee Higgins,CIN,flex,144.1,152.6,137.2
731,Ja'Marr Chase,CIN,flex,141.5,157.1,123.9
732,Brandon Aiyuk,SF,flex,140.8,167.9,122.7
733,Javonte Williams,DEN,flex,139.3,156.8,121.9
734,Raheem Mostert,SF,flex,139.0,165.6,130.4
735,D.J. Chark Jr.,JAC,flex,138.2,158.9,131.2
736,Chase Claypool,PIT,flex,137.3,156.6,112.5
737,Diontae Johnson,PIT,flex,136.9,141.0,137.2
738,Brandin Cooks,HOU,flex,136.4,146.4,132.0
739,Damien Harris,NE,flex,136.2,150.4,121.9
740,James Robinson,JAC,flex,135.6,156.2,110.7
741,Mark Andrews,BAL,flex,131.8,139.2,123.6
742,Deebo Samuel,SF,flex,131.4,152.3,122.6
743,David Johnson,HOU,flex,131.3,154.0,109.7
744,Robby Anderson,CAR,flex,130.4,133.9,127.7
745,Leonard Fournette,TB,flex,130.2,153.4,113.6
746,JuJu Smith-Schuster,PIT,flex,129.3,137.2,122.3
747,Michael Gallup,DAL,flex,128.2,136.4,123.5
748,Jerry Jeudy,DEN,flex,127.6,136.7,117.9
749,Tyler Boyd,CIN,flex,124.0,139.9,116.5
750,Marquise Brown,BAL,flex,123.8,135.8,117.5
751,Melvin Gordon III,DEN,flex,122.3,150.0,111.8
752,Zack Moss,BUF,flex,122.3,144.4,105.6
753,Curtis Samuel,WAS,flex,121.7,138.2,99.9
754,Mike Williams,LAC,flex,121.4,136.3,103.5
755,Jarvis Landry,CLE,flex,120.4,133.4,106.8
756,James Conner,ARI,flex,119.8,151.2,99.7
757,Laviska Shenault Jr.,JAC,flex,119.6,129.1,103.2
758,Kyle Pitts,ATL,flex,119.1,129.5,112.7
759,DeVante Parker,MIA,flex,118.8,133.2,98.9
760,Michael Thomas,NO,flex,118.1,131.7,112.3
761,DeVonta Smith,PHI,flex,116.2,126.2,99.4
762,Ronald Jones II,TB,flex,115.8,125.3,113.1
763,Michael Carter,NYJ,flex,115.6,136.0,110.1
764,Will Fuller V,MIA,flex,115.4,134.0,88.6
765,T.Y. Hilton,IND,flex,113.7,130.2,106.7
766,Trey Sermon,SF,flex,113.5,132.4,99.0
767,T.J. Hockenson,DET,flex,113.2,118.8,108.7
768,Gus Edwards,BAL,flex,113.1,121.1,106.6
769,Kenyan Drake,LV,flex,111.5,120.9,101.3
770,Corey Davis,NYJ,flex,109.7,114.1,102.9
771,Marvin Jones Jr.,JAC,flex,106.9,135.8,74.2
772,Latavius Murray,NO,flex,106.8,118.9,93.7
773,Mecole Hardman,KC,flex,106.7,118.3,100.9
774,Antonio Brown,TB,flex,104.1,118.6,72.1
775,Jamaal Williams,DET,flex,103.9,109.3,103.3
776,Darnell Mooney,CHI,flex,103.9,116.0,88.2
777,Jaylen Waddle,MIA,flex,102.9,121.1,77.5
778,Breshad Perriman,DET,flex,102.5,110.0,99.5
779,Henry Ruggs III,LV,flex,102.2,118.0,88.6
780,AJ Dillon,GB,flex,102.1,114.7,90.7
781,Cole Beasley,BUF,flex,100.8,119.5,87.5
782,Dallas Goedert,PHI,flex,99.9,113.6,95.5
783,Tyrell Williams,DET,flex,99.9,121.7,86.7
784,Michael Pittman Jr.,IND,flex,98.5,120.8,78.4
785,Nelson Agholor,NE,flex,97.6,113.2,80.0
786,Jalen Reagor,PHI,flex,97.6,116.1,73.6
787,Emmanuel Sanders,BUF,flex,97.3,131.3,71.0
788,Tyler Higbee,LAR,flex,97.3,111.7,79.8
789,Tre'Quan Smith,NO,flex,97.2,117.3,80.9
790,Devin Singletary,BUF,flex,96.7,109.7,93.3
791,Tony Pollard,DAL,flex,96.6,107.0,84.0
792,Robert Tonyan,GB,flex,96.5,107.5,84.8
793,Russell Gage,ATL,flex,96.2,107.1,81.7
794,Noah Fant,DEN,flex,94.5,104.0,85.5
795,Logan Thomas,WAS,flex,93.1,108.6,85.8
796,Gabriel Davis,BUF,flex,93.0,111.7,70.5
797,Mike Gesicki,MIA,flex,92.2,97.4,88.4
798,Irv Smith Jr.,MIN,flex,90.3,95.9,84.0
799,Elijah Moore,NYJ,flex,88.6,104.2,66.6
800,Rob Gronkowski,TB,flex,87.8,95.3,82.0
801,J.D. McKissic,WAS,flex,87.5,94.3,77.3
802,Jared Cook,LAC,flex,87.0,110.1,73.5
803,John Brown,LV,flex,86.2,99.1,77.7
804,Sterling Shepard,NYG,flex,86.1,103.6,73.5
805,Nyheim Hines,IND,flex,85.9,97.1,77.0
806,James White,NE,flex,85.8,103.6,78.5
807,Tevin Coleman,NYJ,flex,85.6,99.1,79.3
808,Christian Kirk,ARI,flex,84.6,116.7,60.0
809,Alexander Mattison,MIN,flex,84.1,93.7,74.3
810,A.J. Green,ARI,flex,84.1,95.8,70.4
811,Randall Cobb,GB,flex,83.4,97.3,53.6
812,Eric Ebron,PIT,flex,83.3,95.8,76.8
813,Rashod Bateman,BAL,flex,83.2,100.2,51.7
814,Hunter Henry,NE,flex,82.3,95.3,73.7
815,Tarik Cohen,CHI,flex,81.2,98.0,62.2
816,Jonnu Smith,NE,flex,81.1,92.9,74.5
817,Rondale Moore,ARI,flex,80.2,102.1,43.3
818,Blake Jarwin,DAL,flex,80.2,91.3,71.8
819,Adam Trautman,NO,flex,79.3,96.9,64.4
820,Evan Engram,NYG,flex,78.9,86.1,76.1
821,DeSean Jackson,LAR,flex,78.7,97.6,63.5
822,Jamison Crowder,NYJ,flex,78.5,101.3,62.2
823,Darius Slayton,NYG,flex,76.9,91.2,59.7
824,Allen Lazard,GB,flex,76.9,97.7,56.6
825,Parris Campbell,IND,flex,76.4,95.7,46.4
826,Terrace Marshall Jr.,CAR,flex,75.6,107.6,43.7
827,Phillip Lindsay,HOU,flex,75.3,89.7,55.4
828,Austin Hooper,CLE,flex,75.2,84.2,70.6
829,Anthony Firkser,TEN,flex,74.6,80.6,68.2
830,Rashaad Penny,SEA,flex,72.5,91.5,59.9
831,Jakobi Meyers,NE,flex,72.3,98.5,49.5
832,Darrel Williams,KC,flex,71.4,92.9,62.4
833,Sony Michel,NE,flex,68.9,94.2,40.8
834,Van Jefferson,LAR,flex,68.2,96.9,38.1
835,Cole Kmet,CHI,flex,67.7,84.4,49.7
836,Hunter Renfrow,LV,flex,67.2,88.8,42.2
837,Denzel Mims,NYJ,flex,67.1,93.1,52.1
838,Anthony Miller,HOU,flex,66.6,82.5,46.1
839,Zach Ertz,PHI,flex,65.8,73.9,56.8
840,Gerald Everett,SEA,flex,65.5,76.6,61.2
841,Josh Reynolds,TEN,flex,64.8,80.6,45.7
842,Marquez Valdes-Scantling,GB,flex,64.3,96.2,42.9
843,Chris Conley,HOU,flex,63.5,93.5,50.8
844,Jordan Akins,HOU,flex,63.5,67.8,60.1
845,Xavier Jones,LAR,flex,62.8,74.7,55.6
846,Giovani Bernard,TB,flex,62.6,102.0,43.5
847,Keelan Cole Sr.,NYJ,flex,62.5,87.0,50.4
848,Sammy Watkins,BAL,flex,62.4,85.3,42.3
849,Marquez Callaway,NO,flex,61.9,62.7,60.5
850,James Washington,PIT,flex,61.7,91.9,51.2
851,Damien Williams,CHI,flex,61.1,97.3,31.1
852,D'Wayne Eskridge,SEA,flex,61.0,70.1,53.2
853,Ty Johnson,NYJ,flex,59.8,64.6,56.6
854,Amon-Ra St. Brown,DET,flex,59.6,65.3,52.6
855,Rashard Higgins,CLE,flex,59.3,79.9,39.0
856,Jeff Wilson Jr.,SF,flex,59.2,69.4,51.8
857,Demarcus Robinson,KC,flex,59.1,74.1,51.0
858,Malcolm Brown,MIA,flex,58.5,82.8,34.0
859,Dawson Knox,BUF,flex,58.3,70.1,54.6
860,Hayden Hurst,ATL,flex,58.1,74.2,42.6
861,Joshua Kelley,LAC,flex,57.8,82.0,42.5
862,Zach Pascal,IND,flex,56.7,98.4,30.9
863,Jalen Guyton,LAC,flex,56.6,76.6,43.0
864,Darrynton Evans,TEN,flex,55.4,78.4,27.7
865,Geronimo Allison,DET,flex,55.4,53.8,53.8
866,Josh Palmer,LAC,flex,55.1,73.1,41.0
867,C.J. Uzomah,CIN,flex,55.0,71.4,34.9
868,Qadree Ollison,ATL,flex,54.8,77.1,36.2
869,Nico Collins,HOU,flex,54.6,79.8,8.6
870,KJ Hamler,DEN,flex,54.4,78.9,42.6
871,Boston Scott,PHI,flex,54.3,81.9,18.5
872,Jack Doyle,IND,flex,54.2,60.2,41.4
873,Salvon Ahmed,MIA,flex,54.0,64.3,34.3
874,Marlon Mack,IND,flex,53.5,77.1,41.4
875,Kendrick Bourne,NE,flex,53.3,66.8,44.1
876,Chris Herndon IV,NYJ,flex,53.1,63.8,44.0
877,Kadarius Toney,NYG,flex,52.0,78.9,37.2
878,Cordarrelle Patterson,ATL,flex,51.8,59.5,43.3
879,Tim Patrick,DEN,flex,51.1,94.7,24.5
880,Olamide Zaccheaus,ATL,flex,51.1,74.5,28.4
881,Mo Alie-Cox,IND,flex,50.5,58.4,48.1
882,Justin Jackson,LAC,flex,50.0,69.3,38.5
883,Will Dissly,SEA,flex,49.5,60.9,36.7
884,Keke Coutee,HOU,flex,49.3,84.6,29.8
885,Devontae Booker,NYG,flex,49.1,61.8,39.4
886,Donald Parham Jr.,LAC,flex,48.8,55.7,40.7
887,Preston Williams,MIA,flex,47.9,104.2,26.2
888,Rex Burkhead,HOU,flex,47.4,101.9,7.0
889,Jake Funk,LAR,flex,47.3,47.3,47.3
890,O.J. Howard,TB,flex,47.2,67.9,21.1
891,Wayne Gallman,SF,flex,47.2,111.0,15.2
892,Dan Arnold,CAR,flex,47.0,71.8,34.7
893,Chuba Hubbard,CAR,flex,46.9,76.0,29.5
894,Rhamondre Stevenson,NE,flex,46.6,87.6,19.9
895,Deonte Harris,NO,flex,46.6,51.1,39.3
896,Mark Ingram II,HOU,flex,46.4,72.8,35.8
897,Mohamed Sanu,SF,flex,45.7,75.7,10.5
898,Larry Rountree III,LAC,flex,45.3,45.3,45.3
899,Tyron Johnson,LAC,flex,45.2,82.5,25.9
900,Bryan Edwards,LV,flex,44.9,48.2,39.0
901,DeeJay Dallas,SEA,flex,44.7,91.5,25.4
902,Kenneth Gainwell,PHI,flex,44.2,95.9,25.8
903,Kyle Juszczyk,SF,flex,43.0,82.0,20.9
904,Adam Humphries,WAS,flex,42.1,53.9,34.7
905,Brian Hill,TEN,flex,41.2,90.9,13.9
906,Richie James Jr.,SF,flex,41.2,81.9,20.7
907,Byron Pringle,KC,flex,40.7,51.6,29.3
908,David Njoku,CLE,flex,40.6,46.8,30.3
909,Dyami Brown,WAS,flex,40.6,52.2,22.1
910,Quintez Cephus,DET,flex,40.2,58.3,27.5
911,Trayveon Williams,CIN,flex,39.8,94.8,9.0
912,Travis Fulgham,PHI,flex,39.5,50.4,17.7
913,Jacob Hollister,BUF,flex,39.2,69.2,20.3
914,Jimmy Graham,CHI,flex,39.1,46.8,29.0
915,Javian Hawkins,ATL,flex,39.0,39.0,39.0
916,Tyler Conklin,MIN,flex,38.7,43.5,31.3
917,Damiere Byrd,CHI,flex,37.8,83.6,5.9
918,Samaje Perine,CIN,flex,37.7,45.5,25.8
919,Mike Boone,DEN,flex,37.5,53.3,23.6
920,Peyton Barber,WAS,flex,37.0,47.2,28.0
921,Benny Snell Jr.,PIT,flex,37.0,53.4,19.1
922,Scotty Miller,TB,flex,36.4,54.5,22.7
923,Dalton Schultz,DAL,flex,36.2,48.9,13.0
924,Tutu Atwell,LAR,flex,35.9,47.6,24.5
925,Isaiah McKenzie,BUF,flex,35.5,44.6,21.0
926,Maxx Williams,ARI,flex,35.3,41.7,30.6
927,Isaiah Coulter,HOU,flex,35.0,73.0,1.2
928,Auden Tate,CIN,flex,34.3,40.8,31.0
929,Nick Boyle,BAL,flex,34.2,46.3,24.7
930,Matt Breida,BUF,flex,32.7,78.5,18.7
931,Carlos Hyde,JAC,flex,32.4,60.4,11.2
932,Brandon Bolden,NE,flex,32.3,48.7,16.0
933,Geoff Swaim,TEN,flex,32.2,40.8,17.8
934,Kyle Rudolph,NYG,flex,31.8,47.1,16.4
935,Amari Rodgers,GB,flex,31.6,34.4,27.9
936,Cameron Brate,TB,flex,31.0,46.2,14.2
937,Drew Sample,CIN,flex,30.5,51.1,22.6
938,James O'Shaughnessy,JAC,flex,30.0,42.9,18.5
939,Johnny Stanton,CLE,flex,29.0,29.0,29.0
940,Darren Fells,DET,flex,28.3,46.0,18.8
941,Harrison Bryant,CLE,flex,28.0,55.6,14.4
942,Foster Moreau,LV,flex,27.9,37.7,19.6
943,Jermar Jefferson,DET,flex,27.9,28.1,28.1
944,Jalen Richard,LV,flex,27.6,40.2,16.7
945,Greg Ward,PHI,flex,27.4,50.9,6.7
946,N'Keal Harry,NE,flex,27.3,36.5,16.8
947,Devin Duvernay,BAL,flex,26.7,47.4,15.1
948,Elijah Mitchell,SF,flex,26.5,33.5,19.4
949,Dez Fitzpatrick,TEN,flex,25.8,33.5,18.3
950,Albert Okwuegbunam,DEN,flex,25.6,36.9,11.1
951,Adam Shaheen,MIA,flex,25.5,34.3,23.7
952,Ryan Izzo,HOU,flex,25.3,53.7,1.3
953,Tyler Kroft,NYJ,flex,25.1,45.5,1.9
954,Pat Freiermuth,PIT,flex,24.8,57.3,6.7
955,Hunter Long,MIA,flex,24.1,38.8,11.3
956,Raymond Calais,LAR,flex,23.7,26.8,20.5
957,Phillip Dorsett II,JAC,flex,23.6,31.3,15.7
958,Ian Thomas,CAR,flex,23.5,45.2,9.3
959,Donovan Peoples-Jones,CLE,flex,23.4,31.5,12.8
960,Pharaoh Brown,HOU,flex,23.4,26.7,19.3
961,Collin Johnson,JAC,flex,23.2,25.9,18.5
962,La'Mical Perine,NYJ,flex,23.1,33.6,13.0
963,Marquise Goodwin,CHI,flex,22.8,28.3,12.5
964,David Moore,CAR,flex,22.7,44.2,2.3
965,Willie Snead IV,LV,flex,21.9,27.0,16.8
966,Jaylen Samuels,PIT,flex,21.8,25.3,18.0
967,Chris Manhertz,JAC,flex,21.7,35.1,4.4
968,Freddie Swain,SEA,flex,21.6,24.9,19.1
969,Jacob Harris,LAR,flex,21.2,24.8,17.7
970,Noah Gray,KC,flex,20.4,36.2,6.3
971,Matt Sokol,LAC,flex,20.0,20.0,20.0
972,Reggie Gilliam,BUF,flex,19.7,19.7,19.7
973,Marcedes Lewis,GB,flex,19.5,37.9,6.9
974,Darrell Daniels,ARI,flex,19.5,22.5,18.0
975,Brevin Jordan,HOU,flex,19.5,30.8,10.1
976,Dede Westbrook,MIN,flex,19.1,21.9,16.3
977,Kyle Markway,LAR,flex,19.0,19.0,19.0
978,Anthony McFarland Jr.,PIT,flex,18.6,29.1,9.9
979,Nick Vannett,NO,flex,18.5,20.9,15.8
980,Lynn Bowden Jr.,MIA,flex,18.3,22.8,13.9
981,Kahale Warring,HOU,flex,18.3,29.6,5.8
982,KeeSean Johnson,ARI,flex,18.2,31.5,11.3
983,Jerick McKinnon,KC,flex,18.2,21.2,16.3
984,Thaddeus Moss,CIN,flex,18.1,18.1,18.1
985,Andy Isabella,ARI,flex,17.9,17.6,17.6
986,Kerryon Johnson,PHI,flex,17.9,44.7,1.5
987,Ryan Griffin,NYJ,flex,17.6,44.0,2.7
988,Christian Blake,ATL,flex,17.5,24.0,12.9
989,Ray-Ray McCloud,PIT,flex,17.4,22.3,12.7
990,Anthony Schwartz,CLE,flex,17.3,17.3,17.3
991,Hunter Bryant,DET,flex,17.2,21.9,12.4
992,Ross Dwelley,SF,flex,17.1,23.7,11.1
993,Devin Asiasi,NE,flex,17.1,48.5,1.1
994,Jace Sternberger,GB,flex,17.1,26.7,7.4
995,Brycen Hopkins,LAR,flex,16.9,23.6,8.2
996,Chris Evans,CIN,flex,16.5,25.1,8.2
997,Durham Smythe,MIA,flex,16.4,32.0,1.1
998,Miles Boykin,BAL,flex,16.4,29.5,6.6
999,Chris Moore,HOU,flex,16.3,16.1,16.1
1000,Jalen Hurd,SF,flex,16.2,23.9,8.8
1001,Eno Benjamin,ARI,flex,16.2,26.2,3.6
1002,Javon Wims,CHI,flex,16.2,20.1,11.6
1003,Austin Fort,DEN,flex,16.2,16.2,16.2
1004,Derek Carrier,LV,flex,16.1,39.5,3.0
1005,Luke Farrell,JAC,flex,16.0,26.2,7.8
1006,Justice Hill,BAL,flex,16.0,24.9,1.4
1007,Stephen Carlson,CLE,flex,15.5,39.8,1.2
1008,Demetric Felton,CLE,flex,15.4,22.7,8.1
1009,John Bates,WAS,flex,15.3,21.6,11.0
1010,Kylin Hill,GB,flex,15.0,15.8,14.4
1011,Josh Adams,NYJ,flex,15.0,26.1,3.8
1012,Tyler Johnson,TB,flex,14.7,19.6,11.1
1013,Jamal Agnew,JAC,flex,14.7,16.7,11.8
1014,Jeff Smith,NYJ,flex,14.4,14.2,14.2
1015,Cedrick Wilson,DAL,flex,14.3,27.5,1.3
1016,Dontrell Hilliard,HOU,flex,14.1,26.9,1.8
1017,Chris Hogan,NO,flex,14.0,19.4,8.7
1018,Tony Brooks-James,PIT,flex,13.8,19.5,8.1
1019,Blake Bell,KC,flex,13.8,20.3,1.4
1020,Lamar Miller,WAS,flex,13.8,26.4,1.5
1021,Cameron Batson,TEN,flex,13.4,15.8,11.0
1022,Travis Homer,SEA,flex,13.4,25.2,3.7
1023,Chad Beebe,MIN,flex,13.4,23.6,3.1
1024,JaMycal Hasty,SF,flex,13.3,26.1,5.7
1025,Andre Roberts,HOU,flex,13.1,25.5,1.0
1026,Cam Sims,WAS,flex,13.0,28.6,3.0
1027,Jordan Howard,PHI,flex,12.9,24.8,1.4
1028,Jeremy McNichols,TEN,flex,12.8,24.2,1.5
1029,Mike Thomas,CIN,flex,12.7,22.5,3.0
1030,Noah Brown,DAL,flex,12.5,24.2,1.3
1031,Trey Edmunds,PIT,flex,12.3,12.3,12.3
1032,Ty Montgomery,NO,flex,11.9,21.2,1.5
1033,Frank Darby,ATL,flex,11.9,11.9,11.9
1034,Alex Erickson,HOU,flex,11.8,12.4,10.6
1035,Jordan Thomas,IND,flex,11.8,16.0,7.6
1036,Kalif Raymond,DET,flex,11.7,19.8,6.4
1037,Ke'Shawn Vaughn,TB,flex,11.5,15.4,7.2
1038,D'Ernest Johnson,CLE,flex,11.5,22.7,1.5
1039,Jordan Wilkins,IND,flex,11.5,24.0,4.8
1040,Kawaan Baker,NO,flex,11.0,11.0,11.0
1041,Penny Hart,SEA,flex,10.9,15.6,6.2
1042,Royce Freeman,DEN,flex,10.8,15.0,6.8
1043,Tre' McKitty,LAC,flex,10.6,20.0,5.5
1044,Tommy Sweeney,BUF,flex,10.6,23.1,1.6
1045,Gary Brightwell,NYG,flex,10.4,11.0,10.0
1046,DaeSean Hamilton,DEN,flex,10.4,10.4,10.4
1047,Ameer Abdullah,MIN,flex,10.3,14.2,3.5
1048,J.P. Holtz,CHI,flex,10.3,19.8,1.3
1049,Caleb Wilson,PHI,flex,10.3,15.7,4.9
1050,Devonta Freeman,NO,flex,10.2,10.1,10.1
1051,Steven Sims Jr.,WAS,flex,10.0,9.9,9.9
1052,Tommy Tremble,CAR,flex,9.9,24.7,3.3
1053,Noah Togiai,IND,flex,9.9,17.4,1.2
1054,Alec Ingold,LV,flex,9.8,12.2,7.5
1055,Patrick Ricard,BAL,flex,9.8,21.9,3.6
1056,Evan Baylis,KC,flex,9.8,19.5,0.0
1057,C.J. Ham,MIN,flex,9.7,11.9,7.4
1058,Nick Westbrook-Ikhine,TEN,flex,9.6,23.9,1.7
1059,Antonio Gandy-Golden,WAS,flex,9.5,11.2,7.5
1060,Daniel Brown,NYJ,flex,9.4,17.9,1.3
1061,Richard Rodgers,PHI,flex,9.4,20.0,2.0
1062,Kene Nwangwu,MIN,flex,9.3,11.2,7.5
1063,John Ross,NYG,flex,9.2,14.3,1.2
1064,Gerrid Doaks,MIA,flex,9.1,9.1,9.1
1065,Jeremy Sprinkle,DAL,flex,9.0,19.4,1.3
1066,Charlie Woerner,SF,flex,9.0,20.6,1.2
1067,Stephen Anderson,LAC,flex,9.0,22.5,1.4
1068,Johnny Mundt,LAR,flex,8.6,10.7,6.4
1069,Antony Auclair,HOU,flex,8.5,16.1,1.3
1070,Zach Gentry,PIT,flex,8.4,16.9,1.4
1071,Juwan Johnson,NO,flex,8.3,18.6,2.9
1072,Colby Parkinson,SEA,flex,8.2,9.5,7.0
1073,Tajae Sharpe,ATL,flex,8.0,9.4,6.6
1074,Jesse James,CHI,flex,8.0,15.8,2.4
1075,Reggie Bonnafon,CAR,flex,7.9,12.3,3.4
1076,Shi Smith,CAR,flex,7.8,7.8,7.8
1077,Lil'Jordan Humphrey,NO,flex,7.5,7.3,7.3
1078,Albert Wilson,MIA,flex,7.4,10.3,4.9
1079,Alex Armah,NO,flex,7.3,7.3,7.0
1080,Diontae Spencer,DEN,flex,7.2,7.2,6.9
1081,Rico Dowdle,DAL,flex,7.0,13.0,1.4
1082,Andrew Beck,DEN,flex,7.0,6.8,6.8
1083,Josiah Deguara,GB,flex,6.9,12.6,1.4
1084,Khalil Herbert,CHI,flex,6.8,6.8,6.8
1085,Ihmir Smith-Marsette,MIN,flex,6.8,8.1,5.6
1086,Cornell Powell,KC,flex,6.8,6.8,6.8
1087,Victor Bolden Jr.,DET,flex,6.6,7.3,5.7
1088,Isaiah Hodgins,BUF,flex,6.6,6.6,6.6
1089,Josh Oliver,BAL,flex,6.6,7.9,5.3
1090,Buddy Howell,HOU,flex,6.5,6.4,6.4
1091,Jaelon Darden,TB,flex,6.5,6.5,6.5
1092,J.J. Nelson,IND,flex,6.5,6.4,6.4
1093,Kylen Granson,IND,flex,6.3,7.7,5.0
1094,Ross Travis,ARI,flex,6.3,6.3,6.3
1095,Marcus Johnson,TEN,flex,6.3,6.0,6.0
1096,Greg Dortch,ARI,flex,6.3,6.1,6.1
1097,Ben Ellefson,JAC,flex,6.2,6.2,6.2
1098,Riley Ridley,CHI,flex,6.0,5.9,5.9
1099,Jakeem Grant Sr.,MIA,flex,5.9,7.0,4.5
1100,Nick Keizer,KC,flex,5.8,7.1,4.4
1101,Nick Bellore,SEA,flex,5.8,5.8,5.8
1102,Gabe Nabers,LAC,flex,5.8,6.3,4.7
1103,Chester Rogers,TEN,flex,5.7,5.4,5.4
1104,Gunner Olszewski,NE,flex,5.7,7.0,4.5
1105,Zay Jones,LV,flex,5.5,6.0,5.1
1106,Tylan Wallace,BAL,flex,5.5,5.5,5.5
1107,Keith Smith,ATL,flex,5.5,5.7,4.6
1108,Dazz Newsome,CHI,flex,5.5,5.5,5.5
1109,Trent Taylor,CIN,flex,5.4,5.5,5.4
1110,Mason Schreck,CIN,flex,5.2,6.1,4.5
1111,Antonio Williams,BUF,flex,5.2,6.2,4.5
1112,Alize Mack,DET,flex,5.1,5.1,5.1
1113,Kalen Ballage,PIT,flex,5.1,9.0,2.1
1114,Quez Watkins,PHI,flex,4.8,8.8,1.2
1115,Andy Janovich,CLE,flex,4.8,5.7,4.4
1116,Darwin Thompson,KC,flex,4.8,6.2,3.5
1117,Trenton Cannon,CAR,flex,4.4,8.0,1.3
1118,Alex Collins,SEA,flex,4.4,7.8,1.5
1119,Derek Watt,PIT,flex,4.3,6.1,2.3
1120,Ben Mason,BAL,flex,4.1,4.1,4.1
1121,Dwayne Washington,NO,flex,4.0,7.1,1.5
1122,Marcus Kemp,KC,flex,3.9,6.9,1.4
1123,Michael Burton,KC,flex,3.9,5.0,3.3
1124,Dominique Dafney,GB,flex,3.9,6.4,1.4
1125,J.J. Taylor,NE,flex,3.8,6.8,1.4
1126,Devin Funchess,GB,flex,3.8,6.8,1.2
1127,Lee Smith,ATL,flex,3.6,6.4,1.2
1128,Garrett Griffin,NO,flex,3.5,6.2,1.4
1129,Temarrick Hemingway,WAS,flex,3.5,6.1,1.4
1130,Isaac Whitney,ARI,flex,3.4,3.2,3.2
1131,Simi Fehoko,DAL,flex,3.4,3.4,3.4
1132,Justin Watson,TB,flex,3.3,3.3,3.3
1133,Terry Godwin,JAC,flex,3.3,3.0,3.0
1134,J.J. Arcega-Whiteside,PHI,flex,3.2,3.1,3.1
1135,Brandon Powell,BUF,flex,3.2,3.1,3.1
1136,Trevon Wesco,NYJ,flex,3.1,5.4,1.3
1137,Cethan Carter,MIA,flex,3.1,5.5,1.2
1138,Corey Clement,NYG,flex,3.1,3.4,2.7
1139,Eric Saubert,DEN,flex,3.1,5.4,1.1
1140,Kaden Smith,NYG,flex,3.0,5.3,1.2
1141,Dexter Williams,GB,flex,3.0,3.7,2.4
1142,Zach Davidson,MIN,flex,3.0,3.0,3.0
1143,Devine Ozigbo,JAC,flex,2.9,4.6,1.9
1144,K.J. Hill Jr.,LAC,flex,2.9,4.9,1.4
1145,Braxton Berrios,NYJ,flex,2.9,4.2,1.9
1146,Ricky Seals-Jones,WAS,flex,2.9,2.6,2.6
1147,Racey McMath,TEN,flex,2.8,2.8,2.8
1148,Elijhaa Penny,NYG,flex,2.8,4.8,1.2
1149,Jaeden Graham,ATL,flex,2.8,3.1,2.5
1150,Allen Hurns,MIA,flex,2.8,2.5,2.5
1151,Travis Benjamin,SF,flex,2.7,2.4,2.4
1152,Equanimeous St. Brown,GB,flex,2.7,2.4,2.4
1153,Mike Strachan,IND,flex,2.7,2.7,2.7
1154,Dezmon Patmon,IND,flex,2.7,2.7,2.7
1155,Khari Blasingame,TEN,flex,2.7,4.5,1.4
1156,Seth Williams,DEN,flex,2.7,2.7,2.7
1157,Tanner Hudson,TB,flex,2.5,3.6,1.4
1158,Malik Taylor,GB,flex,2.4,1.9,1.9
1159,Deon Yelder,WAS,flex,2.4,2.1,2.1
1160,Malcolm Perry,MIA,flex,2.3,2.7,2.7
1161,Jakob Johnson,NE,flex,2.2,4.0,0.7
1162,Troy Fumagalli,NE,flex,2.2,1.9,1.9
1163,Brandon Dillon,MIN,flex,2.0,3.0,1.3
1164,Kendall Hinton,DEN,flex,1.9,2.5,2.5
1165,Trent Sherfield,SF,flex,1.8,2.9,1.2
1166,Dare Ogunbowale,JAC,flex,1.8,2.5,2.5
1167,Isaiah Ford,MIA,flex,1.8,2.1,2.1
1168,Jonathan Williams,WAS,flex,1.7,2.3,2.3
1169,Brandon Zylstra,CAR,flex,1.7,2.6,1.0
1170,Eric Tomlinson,BAL,flex,1.6,2.6,1.1
1171,Joe Reed,LAC,flex,1.4,2.1,2.1
1172,Codey McElroy,TB,flex,1.4,1.4,1.4
1173,Matt Cole,NYJ,flex,1.4,1.9,1.9
1174,Isaac Nauta,GB,flex,1.4,1.3,1.3
1175,DeMichael Harris,IND,flex,1.3,1.8,1.8
1176,Trey Quinn,LV,flex,1.2,1.7,1.7
1177,Patrick Laird,MIA,flex,1.2,1.7,1.7
1178,Taiwan Jones,BUF,flex,1.2,1.6,1.6
1179,Antonio Callaway,KC,flex,1.2,1.6,1.6
1180,Damion Ratley,DET,flex,1.2,1.5,1.5
1181,Kevin Rader,PIT,flex,1.1,1.4,1.4
1182,Elijah McGuire,KC,flex,1.1,1.6,1.6
1183,C.J. Prosise,TB,flex,1.1,1.6,1.6
1184,Malik Turner,DAL,flex,1.1,1.4,1.4
1185,Kelvin Harmon,WAS,flex,1.1,1.4,1.4
1186,DeAndre Carter,WAS,flex,1.0,1.3,1.3
1187,Vyncint Smith,NYJ,flex,1.0,1.4,1.4
1188,Ryan Nall,CHI,flex,1.0,1.4,1.4
1189,Adrian Killins Jr.,PHI,flex,1.0,1.4,1.4
1190,Jason Huntley,PHI,flex,1.0,1.4,1.4
1191,Artavis Pierce,CHI,flex,1.0,1.4,1.4
1192,Austin Walter,NYJ,flex,1.0,1.4,1.4
1193,LeVante Bellamy,DEN,flex,1.0,1.4,1.4
1194,John Hightower,PHI,flex,1.0,1.3,1.3
1195,Nathan Cottrell,JAC,flex,1.0,1.4,1.4
1196,Gehrig Dieter,KC,flex,1.0,1.4,1.4
1197,Damarea Crockett,DEN,flex,1.0,1.4,1.4
1198,Tyrone Swoopes,WAS,flex,1.0,1.4,1.4
1199,Jason Cabinda,DET,flex,1.0,1.4,1.4
1200,Scottie Phillips,HOU,flex,1.0,1.4,1.4
1201,Isaiah Wright,WAS,flex,1.0,1.3,1.3
1202,Jason Moore,LAC,flex,1.0,1.4,1.4
1203,Nsimba Webster,SF,flex,1.0,1.3,1.3
1204,Darrius Shepherd,KC,flex,0.9,1.3,1.3
1205,Sean McKeon,DAL,flex,0.9,1.4,1.4
1206,Jake Lampman,NO,flex,0.9,1.3,1.3
1207,Josh Malone,NYJ,flex,0.9,1.3,1.3
1208,Jeff Badet,ATL,flex,0.9,1.3,1.3
1209,Chris Rowland,ATL,flex,0.9,1.3,1.3
1210,Keelan Doss,LV,flex,0.9,1.2,1.2
1211,Chad Hansen,DET,flex,0.9,1.2,1.2
1212,Jordan Scarlett,MIA,flex,0.9,1.4,1.4
1213,Trenton Irwin,CIN,flex,0.9,1.2,1.2
1214,Tanner Gentry,BUF,flex,0.9,1.3,1.3
1215,Marcell Ateman,LV,flex,0.9,1.2,1.2
1216,Lawrence Cager,NYJ,flex,0.9,1.2,1.2
1217,Taquan Mizzell,NYG,flex,0.9,1.2,1.2
1218,Cyril Grayson Jr.,TB,flex,0.9,1.3,1.3
1219,John Ursua,SEA,flex,0.9,1.3,1.3
1220,Stanley Morgan Jr.,CIN,flex,0.9,1.2,1.2
1221,Darvin Kidsy,SEA,flex,0.9,1.3,1.3
1222,Marvin Hall,NE,flex,0.9,1.2,1.2
1223,Cullen Gillaspia,NYG,flex,0.9,1.2,1.2
1224,Chad Williams,KC,flex,0.9,1.3,1.3
1225,KhaDarel Hodge,CLE,flex,0.9,1.2,1.2
1226,Robert Foster,MIA,flex,0.9,1.2,1.2
1227,Dan Chisena,MIN,flex,0.9,1.2,1.2
1228,K.J. Osborn,MIN,flex,0.9,1.2,1.2
1229,Alfred Morris,NYG,flex,0.9,1.2,1.2
1230,Jordan Franks,CLE,flex,0.9,1.3,1.3
1231,Derrick Willies,CLE,flex,0.9,1.2,1.2
1232,Alexander Hollins,CLE,flex,0.9,1.2,1.2
1233,Jason Croom,PHI,flex,0.9,1.3,1.3
1234,River Cracraft,SF,flex,0.8,1.2,1.2
1235,Hakeem Butler,PHI,flex,0.8,1.2,1.2
1236,Tim Tebow,JAC,flex,0.8,2.1,2.1
1237,Dante Pettis,NYG,flex,0.8,1.1,1.1
1238,MyCole Pruitt,SF,flex,0.8,1.3,1.3
1239,Ja'Marcus Bradley,CLE,flex,0.8,1.2,1.2
1240,Laquon Treadwell,JAC,flex,0.8,1.2,1.2
1241,JoJo Natson,CLE,flex,0.8,1.2,1.2
1242,Ashton Dulin,IND,flex,0.8,1.2,1.2
1243,Jesper Horsted,CHI,flex,0.8,1.2,1.2
1244,Kevin White,SF,flex,0.8,1.1,1.1
1245,Mack Hollins,MIA,flex,0.8,1.2,1.2
1246,Fred Brown,TEN,flex,0.8,1.2,1.2
1247,Tyrie Cleveland,DEN,flex,0.8,1.1,1.1
1248,Cody Hollister,TEN,flex,0.8,1.2,1.2
1249,Jordan Matthews,SF,flex,0.8,1.1,1.1
1250,Justin Hardy,CHI,flex,0.8,1.1,1.1
1251,Keith Kirkwood,CAR,flex,0.8,1.1,1.1
1252,Luke Stocker,TEN,flex,0.7,1.1,1.1
1253,Cole Hikutini,NYG,flex,0.7,1.1,1.1
1254,Ryan Switzer,CLE,flex,0.7,1.0,1.0
1255,Matt LaCosse,NE,flex,0.7,1.1,1.1
1256,Colin Thompson,CAR,flex,0.7,1.1,1.1
1257,Tony Jones Jr.,NO,flex,0.1,0.4,0.4
1258,Harrison Butker,KC,k,139.8,154.8,132.2
1259,Justin Tucker,BAL,k,133.9,149.3,131.4
1260,Tyler Bass,BUF,k,132.8,147.4,122.3
1261,Greg Zuerlein,DAL,k,131.4,158.0,120.5
1262,Jason Sanders,MIA,k,127.5,140.0,125.0
1263,Jason Myers,SEA,k,126.9,143.5,122.0
1264,Younghoe Koo,ATL,k,125.4,139.5,116.9
1265,Mason Crosby,GB,k,124.9,149.9,114.9
1266,Ryan Succop,TB,k,124.8,143.0,119.7
1267,Robbie Gould,SF,k,124.8,140.0,119.4
1268,Rodrigo Blankenship,IND,k,124.4,138.5,119.2
1269,Wil Lutz,NO,k,123.3,134.9,119.5
1270,Cody Parkey,CLE,k,122.8,135.9,120.0
1271,Daniel Carlson,LV,k,122.3,134.5,117.3
1272,Michael Badgley,LAC,k,122.0,132.0,115.2
1273,Graham Gano,NYG,k,121.7,141.0,116.0
1274,Matt Prater,ARI,k,121.2,134.2,118.0
1275,Matt Gay,LAR,k,120.8,136.0,110.0
1276,Ka'imi Fairbairn,HOU,k,120.7,138.8,115.4
1277,Cairo Santos,CHI,k,118.3,134.0,114.1
1278,Tucker McCann,TEN,k,118.2,122.0,114.5
1279,Nick Folk,NE,k,118.1,131.3,116.0
1280,Greg Joseph,MIN,k,117.8,131.2,115.0
1281,Brandon McManus,DEN,k,116.5,125.9,115.0
1282,Evan McPherson,CIN,k,115.9,119.8,112.0
1283,Chris Boswell,PIT,k,113.7,119.9,114.0
1284,Joey Slye,CAR,k,112.5,123.3,111.4
1285,Dustin Hopkins,WAS,k,112.5,118.0,115.0
1286,Randy Bullock,DET,k,110.3,124.0,104.0
1287,Josh Lambo,JAC,k,109.6,123.8,102.0
1288,Sam Ficken,TEN,k,108.9,118.3,112.6
1289,Austin Seibert,CIN,k,103.9,113.4,113.4
1290,Jake Elliott,PHI,k,99.8,114.0,84.0
1291,Chris Naggar,NYJ,k,95.0,95.0,95.0
1292,Chase McLaughlin,CLE,k,0.0,0.0,0.0
1293,Tampa Bay Buccaneers,,dst,117.0,130.9,110.6
1294,Los Angeles Rams,,dst,115.0,134.6,95.4
1295,Pittsburgh Steelers,,dst,114.9,133.1,95.5
1296,Washington Football Team,,dst,112.1,133.7,101.8
1297,Indianapolis Colts,,dst,110.8,122.0,99.2
1298,Philadelphia Eagles,,dst,107.7,137.9,93.8
1299,Baltimore Ravens,,dst,107.7,118.0,98.2
1300,Arizona Cardinals,,dst,105.3,123.5,91.0
1301,Seattle Seahawks,,dst,105.2,109.8,100.6
1302,New Orleans Saints,,dst,105.0,125.8,93.9
1303,New England Patriots,,dst,104.8,114.9,91.9
1304,Green Bay Packers,,dst,104.8,124.0,94.0
1305,Dallas Cowboys,,dst,104.8,133.6,95.0
1306,Carolina Panthers,,dst,104.7,127.6,91.0
1307,San Francisco 49ers,,dst,104.4,123.6,99.7
1308,Kansas City Chiefs,,dst,104.4,120.3,98.1
1309,Miami Dolphins,,dst,104.1,126.4,83.0
1310,Cleveland Browns,,dst,104.1,117.3,98.5
1311,Buffalo Bills,,dst,103.9,116.1,98.8
1312,Denver Broncos,,dst,101.0,119.2,93.3
1313,New York Giants,,dst,100.9,120.6,87.0
1314,Los Angeles Chargers,,dst,98.3,108.0,86.4
1315,Atlanta Falcons,,dst,97.5,107.1,90.0
1316,Minnesota Vikings,,dst,95.7,108.4,88.1
1317,Chicago Bears,,dst,95.4,108.7,86.0
1318,Tennessee Titans,,dst,93.7,102.5,78.0
1319,New York Jets,,dst,89.6,101.9,59.0
1320,Jacksonville Jaguars,,dst,89.5,94.2,81.0
1321,Las Vegas Raiders,,dst,89.0,93.9,79.0
1322,Detroit Lions,,dst,84.3,94.5,67.0
1323,Houston Texans,,dst,84.0,92.5,66.0
1324,Cincinnati Bengals,,dst,83.1,94.7,62.0
