Pos,Player,Team,pass_att,pass_comp,pass_yds,pass_td,int,rush,rush_yds,rush_td,fumbles,rec,rec_yds,rec_td,Exp_PTS,Hi_PTS,Lo_PTS
RB,Todd Gurley,LAR,,,,,,288.9,1298.2,10.9,1.8,66.1,624.3,3.7,276.2,311.2,253
RB,Le'Veon Bell,PIT,,,,,,305.5,"1,323.30",9.6,2.1,83.2,665.5,2.8,269.1,283.4,252.1
RB,Ezekiel Elliott,DAL,,,,,,312,"1,401.80",11,1.3,41.3,376.7,1.9,252.7,277.5,233
RB,David Johnson,ARI,,,,,,274.9,"1,069.30",8.5,2.8,75.5,746.6,3.1,245.6,278.2,222.3
RB,Alvin Kamara,NO,,,,,,172.4,859.2,7.5,0.8,76,719.9,4.1,225.7,250.5,218.3
RB,Kareem Hunt,KC,,,,,,250.1,"1,126.80",8,1.5,53.2,428.4,2.2,213.8,224.6,204.3
RB,Melvin Gordon,LAC,,,,,,274.1,"1,078.10",7.4,0.7,55,461.5,2.5,211.6,231.3,202.4
RB,Leonard Fournette,JAC,,,,,,290.5,"1,173.30",9.5,0.9,38.2,312,1.2,210.8,225.2,195.1
RB,Saquon Barkley,NYG,,,,,,256.5,"1,103.60",7.3,1.1,55.3,429.1,2.1,207.3,226.6,200.4
RB,Dalvin Cook,MIN,,,,,,262.1,"1,127.80",7.4,1.6,45.3,363.4,1.8,201.1,213.6,191.3
RB,Devonta Freeman,ATL,,,,,,221,966.4,7.9,1.2,45.1,384,1.8,190.7,198.2,189.9
RB,Christian McCaffrey,CAR,,,,,,158.8,636.6,3.7,0.9,76,663.1,4.3,176.2,192,161
RB,Jerick McKinnon,SF,,,,,,213.9,857.3,5.8,1.8,57.6,452,1.9,173.4,197.7,162.8
RB,Jordan Howard,CHI,,,,,,248.9,"1,045.70",7.5,0.9,26.8,195,0.8,172,193.1,149.4
RB,Joe Mixon,CIN,,,,,,230.5,900.1,6.3,1.6,37.6,312.8,1.1,162.6,193.3,142.4
RB,LeSean McCoy,BUF,,,,,,204.6,869.9,5.2,0.9,44.4,345.3,1.6,160.7,205.2,109.4
RB,Derrick Henry,TEN,,,,,,212.9,912.9,6.9,0.8,21.4,194.8,0.9,156.1,175.7,139.7
RB,Derrius Guice,WAS,,,,,,214.2,894.2,6.7,1.6,25.7,207,0.9,152.2,175.2,141.4
RB,Alex Collins,BAL,,,,,,222.6,940.4,6.1,2.3,28.8,216,0.8,152.2,172.8,141.4
RB,Jay Ajayi,PHI,,,,,,220.6,949.3,5.6,2.1,26,184.2,0.8,147.5,163.8,145.8
RB,Kenyan Drake,MIA,,,,,,186.7,804.3,5.2,1.3,41.2,308,1.2,146.9,158,130
RB,Lamar Miller,HOU,,,,,,201.2,785.3,4.1,0.9,35.1,286.7,1.8,140.6,156.5,127.1
RB,Mark Ingram,NO,,,,,,158.1,728.2,6.2,1.8,33.9,252.5,1.1,138.4,160.9,131.9
RB,Rashaad Penny,SEA,,,,,,184.7,757.2,4.9,1.1,28.9,228.3,1.3,133.3,161.5,111.8
RB,Tevin Coleman,ATL,,,,,,148.5,614.4,4.5,0.7,33.2,318.3,2.1,131.8,152.6,120.5
RB,Marshawn Lynch,OAK,,,,,,185.3,785.1,6.3,1,19.9,144.5,0.4,131.2,170.3,104.5
RB,Royce Freeman,DEN,,,,,,179.5,741.1,4.6,1.5,31,238.7,1,128.7,158.5,101.3
RB,Dion Lewis,TEN,,,,,,139,629.1,3.8,1.2,41.7,310.8,1.8,125.7,132,125
RB,Sony Michel,NE,,,,,,158.8,670.3,5.5,1,27.5,217.7,0.9,124.8,162.6,92.9
RB,Marlon Mack,IND,,,,,,160.8,630.2,4.5,0.6,28.9,263.1,1.5,124.4,135.1,95.7
RB,Ronald Jones II,TB,,,,,,189.9,751.2,4.2,1.5,27.6,208.7,0.7,122,152.9,95.9
RB,Rex Burkhead,NE,,,,,,112.1,499.1,5.3,0.6,32.7,275.5,1.9,119.5,137.1,98.9
RB,Isaiah Crowell,NYJ,,,,,,176.6,694.9,4.3,0.8,27.6,198.5,0.7,117.9,133.8,102.5
RB,Chris Thompson,WAS,,,,,,75.6,320,2,1.8,56.9,533.6,3.1,112.3,134.1,105.3
RB,Carlos Hyde,CLE,,,,,,155.3,646.2,4.5,1.7,27.5,175.6,0.5,108.7,142.8,81.7
RB,Jamaal Williams,GB,,,,,,128.1,527.1,3.8,0.6,24.8,222.4,1.3,104.2,132.3,91.1
RB,Duke Johnson,CLE,,,,,,68,293.9,2,1.3,57.1,507.7,1.8,100.2,114.6,90.9
RB,Devontae Booker,DEN,,,,,,131.6,524,2.9,1.2,32.9,269.4,0.9,100,119.2,82.6
RB,Kerryon Johnson,DET,,,,,,136.2,538.6,3.6,1.2,26,189.4,0.7,96.4,118.1,51.6
RB,Tarik Cohen,CHI,,,,,,85.3,345.2,1.8,1.4,57.5,428.3,1.7,95.8,108.4,81.4
RB,Ty Montgomery,GB,,,,,,88.6,377.4,2.9,0.6,41.8,318.8,1.6,95.2,123.4,77.4
RB,James White,NE,,,,,,60.7,246.1,2.1,0.5,50.7,400.9,3,94.3,122.2,81.5
RB,D'Onta Foreman,HOU,,,,,,146.9,572,3.6,1.2,16,135.8,0.6,93.8,105.2,86.6
RB,Bilal Powell,NYJ,,,,,,118.8,491.2,3.2,0.8,28.8,210.5,0.7,91.8,110.5,82.4
RB,C.J. Anderson,CAR,,,,,,136.4,563.1,3.9,0.6,12.9,104.9,0.5,91.7,100.7,78.9
RB,Giovani Bernard,CIN,,,,,,89.9,372.8,1.9,0.9,36.8,315.7,1.4,87.4,105.3,66.5
RB,Nick Chubb,CLE,,,,,,124.5,524.9,3.6,1.3,14.9,112.4,0.4,85.1,101.6,75.6
RB,Corey Clement,PHI,,,,,,88,363,3.4,0.8,22.5,210.9,1.3,83.7,98.9,71.7
RB,Latavius Murray,MIN,,,,,,118.6,469.7,3.6,0.7,16.3,117.2,0.4,81.4,94.1,77.1
RB,Frank Gore,MIA,,,,,,111,438.7,2.4,0.8,25.2,192.6,0.8,81,98.7,73
RB,Matt Breida,SF,,,,,,99.5,427.2,2.8,0.9,20.3,165.1,0.8,78.8,111.1,36.8
RB,Theo Riddick,DET,,,,,,59,219.4,1.3,0.8,48.7,385.2,2,78.6,88.4,71
RB,Chris Ivory,BUF,,,,,,112.4,445.2,3,1.5,19.4,144.7,0.7,78.4,106,63.1
RB,Nyheim Hines,IND,,,,,,86.7,341.1,2.1,0.7,32,251.6,1.2,78.3,103.6,64.6
RB,Doug Martin,OAK,,,,,,118.3,432.9,3.4,1,14.5,119.2,0.3,75.6,96.4,64.5
RB,Austin Ekeler,LAC,,,,,,82.2,334.2,2.1,2.7,28.6,251.4,1.6,75.2,105.1,61.9
RB,Chris Carson,SEA,,,,,,97.1,389.4,2.4,0.7,19.3,162.9,0.9,73.3,103.7,56.9
RB,Aaron Jones,GB,,,,,,94.9,423.5,3.4,0.6,14.6,98,0.4,73.3,83.8,56.9
RB,Javorius Allen,BAL,,,,,,84.7,331,2.2,0.5,29.2,190.1,0.8,69.2,99.8,43.7
RB,LeGarrette Blount,DET,,,,,,104.9,419.2,3.7,0.9,6.7,46.4,0.2,68.2,82.7,59.8
RB,Kenneth Dixon,BAL,,,,,,81.6,346.6,2.2,0.7,25.2,170.7,0.8,68.1,91.1,32.7
RB,Peyton Barber,TB,,,,,,101.7,409.5,2.7,0.8,12.6,94.9,0.3,67.1,77.8,57.6
RB,Darren Sproles,PHI,,,,,,51,209.2,1.2,1.5,32.1,269.3,1.3,59.7,78.4,41.2
RB,T.J. Yeldon,JAC,,,,,,64.4,285.6,1.6,0.7,25.9,199.6,0.5,59.7,72.4,43.9
RB,Spencer Ware,KC,,,,,,75,311.7,2.2,1.4,13.5,122.3,0.5,56.8,88.3,33.6
RB,Corey Grant,JAC,,,,,,58.1,254.6,1.8,0.9,12.9,108.4,0.5,48.4,74.7,33.2
RB,Elijah McGuire,NYJ,,,,,,62.5,239.6,1.3,1.4,18.1,156.6,0.6,48.4,73.3,27.1
RB,Jonathan Stewart,NYG,,,,,,72,271.7,2.5,0.5,8.2,53.6,0.2,47.8,67.8,13.9
RB,Wayne Gallman,NYG,,,,,,53.2,211.4,1,0.9,25.4,170.2,0.7,46.3,75,22.9
RB,Chase Edmonds,ARI,,,,,,57.9,220.4,1.5,0.8,18.4,144.2,0.3,46,61,34.3
RB,Ameer Abdullah,DET,,,,,,59,215.4,1.7,0.9,15.8,113.7,0.6,44.6,83.4,7.7
RB,Jordan Wilkins,IND,,,,,,67.1,267.2,1.6,0.9,10.5,80.6,0.3,44.5,63.5,28.8
RB,Rod Smith,DAL,,,,,,47.8,206.8,1.7,0.7,11.9,102.2,0.6,43,65.3,26.5
RB,Tavon Austin,DAL,,,,,,28.4,142.2,1.1,0,16.9,143.9,1,40.6,45.4,35.8
RB,Charles Sims,TB,,,,,,38.4,139.6,0.5,0.8,26.7,207.9,0.6,40.1,51.5,19.6
RB,Jalen Richard,OAK,,,,,,42.1,181.4,1.1,1.7,17.9,145.5,0.5,39.2,74,24.4
RB,James Conner,PIT,,,,,,57,227.9,1.7,0.7,6.2,42,0.2,37.1,52.2,27.7
RB,De'Angelo Henderson,DEN,,,,,,53.9,204,0.8,1.1,9.8,90.8,0.7,36.3,71,16.2
RB,DeAndre Washington,OAK,,,,,,32.8,126.2,1,0.1,16.1,107.2,0.5,32.1,62,9
RB,Travaris Cadet,BUF,,,,,,40,160.9,0.9,0.5,13.3,94.8,0.3,32,65.6,10.2
RB,Kyle Juszczyk,SF,,,,,,9,35.8,0.2,2.2,30.4,254.1,1,31.8,49,12.7
RB,Kalen Ballage,MIA,,,,,,42,168.1,1,0.8,11.3,86.4,0.3,31.5,53.1,19.3
RB,Christine Michael,IND,,,,,,40.3,158.1,1.1,2.2,15.1,104.5,0.5,31.5,40.6,30.7
RB,Samaje Perine,WAS,,,,,,53.2,198.1,1.2,2.2,9.3,75.2,0.2,31,49.7,12.3
RB,C.J. Prosise,SEA,,,,,,29.5,112.7,0.6,0.1,13.1,132.4,0.4,30.1,48.5,12.3
RB,Malcolm Brown,LAR,,,,,,49.9,202.3,1.1,0.9,6.1,43.9,0.1,30.1,45.8,11.8
RB,Joe Williams,SF,,,,,,38,147.8,1.1,0.3,8.8,70.2,0.2,29,33.9,26.2
RB,Jeremy Hill,NE,,,,,,39.4,152.6,1.7,0.2,3.6,26.7,0,28,33.7,18.4
RB,John Kelly,LAR,,,,,,45.5,179.5,0.9,0.2,5.7,41.5,0.1,27.4,48.8,7.4
RB,Terrance West,NO,,,,,,36,146.6,1.4,0.5,5.2,41.8,0.1,27.1,41.8,10.6
RB,Robert Turbin,IND,,,,,,36.5,135.3,1.1,0.5,9,62.9,0.2,26.5,52.9,16.2
RB,Cameron Artis-Payne,CAR,,,,,,38.6,154.7,1,1.1,7.3,47.9,0.2,25.2,43.9,13.9
RB,Alfred Blue,HOU,,,,,,34.1,131,0.5,0.4,7.8,61.5,0.2,23.1,30.6,15
RB,Jacquizz Rodgers,TB,,,,,,34.6,131.9,0.9,0.1,5.1,36.7,0.1,22.3,38.9,8.4
RB,T.J. Logan,ARI,,,,,,26.6,109.3,0.5,0,9,68.7,0.2,22,22,22
RB,Justin Jackson,LAC,,,,,,31.3,120.4,0.7,0.2,5.9,46.7,0.1,21.5,33.4,6.5
RB,Wendell Smallwood,PHI,,,,,,32.8,123.4,0.9,1.5,6.5,53.9,0.2,21.2,36.4,16.6
RB,Mike Gillislee,NE,,,,,,25.1,105.7,0.9,0.2,4.7,39.6,0.3,21,47.6,8.1
RB,Thomas Rawls,NYJ,,,,,,46.8,164.9,1.5,5.5,6.2,52.2,0.1,20.7,45.9,19.3
RB,Robert Kelley,WAS,,,,,,39.2,132.4,0.8,0.3,3.9,27.9,0,20.6,39,9.4
RB,Mark Walton,CIN,,,,,,33.3,131.2,0.6,1.1,5.8,45.5,0.1,19.5,28.1,15.9
RB,Boston Scott,NO,,,,,,21.6,89.3,0.8,0.2,5,40.7,0.1,18.3,26.4,7.7
RB,J.D. McKissic,SEA,,,,,,13.9,56,0.2,0,13.5,104.5,0.2,18,26.7,12.4
RB,Jaylen Samuels,PIT,,,,,,20.7,81.4,0.5,0.1,7.6,59.4,0.2,18,30.2,7.1
RB,Jeremy McNichols,SF,,,,,,17.1,70.6,0.4,0,8.8,73,0.2,17.6,17.2,17.2
RB,Bo Scarbrough,DAL,,,,,,28.7,112,0.4,0.1,3.7,25.7,0.1,16.8,27.9,7.9
RB,Kapri Bibbs,WAS,,,,,,11.8,49.5,0.3,0.3,8.8,80.2,0.4,16.5,19.1,14.7
RB,Elijhaa Penny,ARI,,,,,,15.7,62.6,0.5,0.2,6.6,49.9,0.1,14.5,26,5.2
RB,Charcandrick West,KC,,,,,,10.6,39.8,0.3,0.1,10.4,64.3,0.3,13.9,20.8,8.1
RB,Tyler Ervin,HOU,,,,,,18.1,70.8,0.4,0.3,6,42.6,0.1,13.4,25.9,1.5
RB,Damien Williams,KC,,,,,,13,51.7,0.4,0.1,5.3,42.1,0.2,13.1,20.9,6.3
RB,Benny Cunningham,CHI,,,,,,11.9,44.9,0.2,0.1,7.4,62.6,0.2,12.4,16.6,6.2
RB,Matt Jones,PHI,,,,,,16,69.7,0.5,0.4,3.4,23.6,0.1,11.9,15.4,10.1
RB,Alex Armah,CAR,,,,,,13.9,61,0.1,0,6.4,47.8,0,11.9,14,9.6
RB,Ito Smith,ATL,,,,,,20.3,78.2,0.2,0.1,3.3,24.6,0.1,11.7,17.1,6.9
RB,CJ Ham,MIN,,,,,,11.1,44.1,0.2,0,5.2,41.9,0.1,10.6,10.8,10.4
RB,Tommy Bohanon,JAC,,,,,,4.6,16.6,0.6,0,4.6,38.3,0.2,10.1,14.3,6.7
RB,Aaron Ripkowski,GB,,,,,,8.6,30.9,0.2,0.1,6.9,47.1,0.2,10,16.3,5.1
RB,Jonathan Williams,NO,,,,,,19.6,65.3,0.6,0.9,2.6,19.7,0,10,16.7,3.4
RB,Marcus Murphy,BUF,,,,,,10.3,45.6,0.3,0,4.2,29.6,0.1,9.6,9.6,9.6
RB,Trey Williams,DAL,,,,,,8.5,37.2,0.3,0,4.4,38,0,9.6,9.6,9.6
RB,Dwayne Washington,DET,,,,,,13.6,44.8,0.2,0.2,4.3,34.8,0.1,9.5,11.7,7.3
RB,Andy Janovich,DEN,,,,,,5.4,21.8,0.5,0,3.9,32.1,0.1,9.4,13.5,5.2
RB,Troymaine Pope,HOU,,,,,,10.5,40.8,0.2,0,5.1,38,0,9.2,9.1,9.1
RB,Brandon Wilds,JAC,,,,,,10.7,42.2,0.2,0,4.6,38.4,0,9.1,9.2,9.2
RB,Mack Brown,MIN,,,,,,11.8,44.9,0.2,0.1,4,30.6,0.1,9.1,17.9,5.5
RB,D.J. Foster,ARI,,,,,,8.3,27.6,0,0.2,6.6,48.6,0.3,9.1,16.6,3.2
RB,David Williams,DEN,,,,,,11.7,42.8,0.3,0.1,3.2,24.9,0.1,8.8,10.7,7
RB,Jamize Olawale,DAL,,,,,,7.1,30.1,0.3,0,3.6,34.9,0.1,8.6,10.9,7.5
RB,Kerwynn Williams,KC,,,,,,10.6,46,0.2,0.1,2.7,24.4,0.1,8.3,9.1,7.3
RB,Keith Marshall,WAS,,,,,,7.7,28.3,0.1,0,4.9,37.6,0.2,8,7.9,7.9
RB,Zach Zenner,DET,,,,,,9.7,33.5,0.3,0.2,3.3,25.1,0.1,7.8,10.2,6.2
RB,Trey Edmunds,NO,,,,,,10.6,43.2,0.4,0.2,1.7,13.1,0,7.8,10.7,4.2
RB,Kenjon Barner,CAR,,,,,,9.1,38.3,0.4,0.2,1.9,15.2,0.1,7.7,11.2,4.9
RB,Roosevelt Nix,PIT,,,,,,9.8,32.4,0.4,0,2.4,11.8,0.1,7.5,12.4,3.9
RB,Senorise Perry,MIA,,,,,,9.6,40.7,0.2,0.2,2.5,17,0.1,7.3,16.9,0.8
RB,Brian Hill,CIN,,,,,,9,31.9,0.1,0.2,2.7,28,0.2,7.2,11.8,4.8
RB,Stevan Ridley,PIT,,,,,,13.3,54.3,0.2,0.1,1.1,5.2,0,7.1,9.4,2.1
RB,Tre Madden,SEA,,,,,,5.2,20.1,0.1,0,3,27.9,0.2,7,6.9,6.9
RB,David Fluellen,TEN,,,,,,8.1,43.2,0.2,0.2,2.5,14.1,0.1,7,16.4,0.7
RB,Anthony Sherman,KC,,,,,,5.5,18.4,0.2,0.1,4.5,34.2,0.1,6.8,8.6,5.6
RB,Fitzgerald Toussaint,PIT,,,,,,8,32.9,0.2,0.1,2.3,16.3,0.1,6.8,16,2
RB,Josh Adams,PHI,,,,,,8.4,35.3,0.2,0.1,2.1,16.7,0.1,6.8,7,7
RB,Jalston Fowler,SEA,,,,,,5.1,18.9,0.3,0,3.1,20.7,0.1,6.6,10.4,2.9
RB,Zach Line,NO,,,,,,4.1,13.9,0.2,0,3.4,23.6,0.3,6.3,8,4.2
RB,Donnel Pumphrey,PHI,,,,,,12,41,0.3,0.1,1,5,0,6.2,6.4,6.4
RB,Patrick DiMarco,BUF,,,,,,3.7,11,0,0,5.6,39,0.2,6.2,9.2,2.5
RB,Derek Watt,LAC,,,,,,5.7,23.1,0.1,0,2.3,23.7,0.1,6,10.9,2.6
RB,Josh Ferguson,IND,,,,,,6.2,26.4,0.1,0,2.9,20.2,0,5.7,8.3,3
RB,Brandon Bolden,NE,,,,,,8.6,39.4,0.2,0.2,1.4,10.3,0,5.6,9,3.2
RB,Justin Davis,LAR,,,,,,8.3,26.6,0.2,0.1,2.5,16.8,0.1,5.5,9.4,0.6
RB,Keith Smith,OAK,,,,,,4.2,16.8,0.1,0,3.6,23.3,0.1,5.5,8.2,1.3
RB,Jay Prosch,HOU,,,,,,3.5,14,0.1,0,3.7,30.8,0.1,5.5,9.3,2.3
RB,Daniel Lasco,NO,,,,,,7.8,26.3,0.2,0.2,2.9,23.1,0,5.4,9,2.8
RB,Dalton Crossan,TB,,,,,,10,29,0.2,0.1,2,15,0,5.4,5.6,5.6
RB,Trenton Cannon,NYJ,,,,,,10,31,0.2,0.1,2,12,0,5.3,5.5,5.5
RB,Akrum Wadley,TEN,,,,,,6.2,24.8,0.1,0.1,1.9,15.3,0.1,5.1,5.2,5.2
RB,Devante Mays,GB,,,,,,6.6,21.5,0.2,0.1,1.7,9.3,0,3.9,4.2,3.9
RB,Michael Burton,CHI,,,,,,4,13.2,0.1,0,2.4,16.3,0.1,3.8,6.9,1.4
RB,Ryan Hewitt,CIN,,,,,,0,0,0,0,3,26.9,0.1,3.4,3.5,3.5
RB,James Develin,NE,,,,,,1,3,0,0,3.7,26.1,0.1,3.2,3.8,2.6
RB,Shane Smith,NYG,,,,,,5,16,0.1,0.1,1,9,0,2.9,3.1,3.1
RB,Byron Marshall,WAS,,,,,,4,11,0,0.2,3,20,0,2.7,3.1,3.1
RB,Matthew Dayes,CLE,,,,,,3.8,13.2,0.1,0.3,1.9,13.3,0,2.5,4.6,1.3
RB,Taiwan Jones,BUF,,,,,,0.5,1.3,0,0.1,2,20.1,0.1,2.4,4.5,0.8
RB,Dan Vitale,CLE,,,,,,0.7,3,0,0,2.8,16.9,0,2.3,2.6,1.8
RB,Marquez Williams,CLE,,,,,,1.1,5.2,0,0,1.6,9.8,0.1,2.1,2.8,1.5
RB,Raheem Mostert,SF,,,,,,15.3,54.6,0.6,4.3,2.4,14.9,0.1,2,16.8,4.2
RB,Austin Johnson,TB,,,,,,2,6,0,0,1,9,0,1.5,1.5,1.5
RB,Nick Bawden,DET,,,,,,2,6,0,0,1,8,0,1.4,1.4,1.4
RB,Derrick Coleman,ARI,,,,,,1,2,0,0,1,7,0,0.9,0.9,0.9
RB,Joe Kerridge,GB,,,,,,0.4,1.1,0,0,2.3,4.9,0,0.6,0.4,0.4
RB,Brandon Wilson,CIN,,,,,,0,0,0,0,0,0,0,0,0,0
WR,Antonio Brown,PIT,,,,,,0.2,1.1,0,0.1,105.1,"1,472.10",10,207.3,220.3,196.6
WR,DeAndre Hopkins,HOU,,,,,,0,0,0,0.6,91.8,"1,303.50",9.7,187.7,195.1,175.8
WR,Julio Jones,ATL,,,,,,0.9,6.4,0,0.2,94,"1,453.40",6.7,185.8,201.3,171.1
WR,Odell Beckham Jr.,NYG,,,,,,2.3,14.1,0,0.5,96.6,"1,261.60",8.2,176.1,190.7,157.5
WR,Keenan Allen,LAC,,,,,,1,5.2,0,0.2,96.4,"1,263.20",7,168.3,178.2,156.6
WR,Michael Thomas,NO,,,,,,0.3,1,0,0.2,99.4,"1,236.50",7.3,167.2,182.2,157.7
WR,Davante Adams,GB,,,,,,0,0,0,0.2,84.8,"1,077.00",9.2,162.5,169.6,150.6
WR,A.J. Green,CIN,,,,,,0,0,0,1.2,85,"1,182.20",7.6,161.4,177.1,153.6
WR,Mike Evans,TB,,,,,,0,0,0,0.2,80.6,"1,130.70",7.1,155.2,181.6,138.8
WR,T.Y. Hilton,IND,,,,,,0,0,0,0.7,72.9,"1,127.10",6.7,151.9,168.1,138.5
WR,Doug Baldwin,SEA,,,,,,1.8,7.9,0,0.2,81.7,"1,063.00",7.4,151.2,165,143.4
WR,Tyreek Hill,KC,,,,,,15.5,93.5,0.9,0.3,75.7,990,6,149.1,154.9,134.1
WR,Adam Thielen,MIN,,,,,,1.3,6.8,0,1.3,82.8,"1,115.50",5.8,144.3,162.5,134
WR,Amari Cooper,OAK,,,,,,1,6,0,0.2,77.7,"1,035.80",6.6,143,149.9,135.5
WR,Stefon Diggs,MIN,,,,,,5.5,29.6,0.1,0.2,77,995.9,6.5,142,151.9,123.3
WR,Demaryius Thomas,DEN,,,,,,0,0,0,0.9,85.5,"1,027.20",6,136.8,144.8,127
WR,JuJu Smith-Schuster,PIT,,,,,,0.3,1.3,0,0.1,66.9,920.9,7.1,134.4,138,131.1
WR,Alshon Jeffery,PHI,,,,,,0,0,0,0.2,63.2,899.4,7.4,133.9,148,124
WR,Golden Tate,DET,,,,,,4.6,21.9,0,0.8,89.9,989.4,5.3,131.3,144.6,124.7
WR,Allen Robinson,CHI,,,,,,0.3,1,0,0.2,68.8,959.9,5.9,131,148.1,102.4
WR,Josh Gordon,CLE,,,,,,0.5,2.9,0,0.3,65.2,956.6,5.8,129.9,150.3,110.5
WR,Larry Fitzgerald,ARI,,,,,,0.1,0.2,0,0.8,95.3,983.7,5.3,128.8,139.9,103.7
WR,Brandin Cooks,LAR,,,,,,6.6,37.8,0.4,0.4,59.2,866.6,5.9,127.1,143.5,99.4
WR,Marvin Jones,DET,,,,,,0,-0.1,0,0.3,58,879.2,6.3,125.5,136.1,121.5
WR,Michael Crabtree,BAL,,,,,,0,0.1,0,0.1,76.1,843.1,6.1,120.9,123.8,117.5
WR,Devin Funchess,CAR,,,,,,0,-0.1,0,0.2,58.9,839.2,6.1,120.1,127.3,109.2
WR,Chris Hogan,NE,,,,,,2.2,13.7,0.1,0.2,56.9,807,6.2,119,136.8,102.7
WR,Sammy Watkins,KC,,,,,,0.3,1.2,0,0.1,58,826.5,5.6,115.9,127.6,110
WR,Jarvis Landry,CLE,,,,,,0.9,4.5,0,1.8,85.4,895.3,4.9,115.8,124.7,109.6
WR,Pierre Garcon,SF,,,,,,0.1,0.3,0,0.4,72.5,923.1,4,115.4,125,105.9
WR,Emmanuel Sanders,DEN,,,,,,0.1,4,0,0.2,69.3,881.2,4.5,115.4,126.8,110.6
WR,Robby Anderson,NYJ,,,,,,2.7,15.8,0,0.3,60.2,823.6,5.1,114.4,124.3,101
WR,Randall Cobb,GB,,,,,,7.5,40.9,0.1,0.2,73.2,758.5,5.4,112.8,118.1,105.1
WR,Robert Woods,LAR,,,,,,1.9,12.1,0,0.8,63.1,828.1,4.9,112.3,120.3,106.4
WR,Cooper Kupp,LAR,,,,,,0,0,0,0.7,63.1,816.5,5.2,111.3,119.5,106.8
WR,Marquise Goodwin,SF,,,,,,3.5,25.1,0,0.2,53,806.5,4.5,109.7,120.8,98.7
WR,Rishard Matthews,TEN,,,,,,0.4,1.2,0,0.2,55.8,799.8,4.9,109.2,118.3,101.6
WR,Devante Parker,MIA,,,,,,0,0.1,0,0.2,64.2,798.4,4.4,105.6,113.8,89.4
WR,Marqise Lee,JAC,,,,,,1.9,11.1,0,0.2,59.5,781.1,4.4,105.2,114.5,95.5
WR,Kenny Stills,MIA,,,,,,0,0,0,1.2,53.7,797,4.6,104.9,119,89.5
WR,Will Fuller,HOU,,,,,,2.2,11.3,0,0.2,50,707.6,5.5,104.8,117.4,88.1
WR,Corey Davis,TEN,,,,,,0,0,0,1.4,65.7,782.6,4.8,104.1,117.7,103.2
WR,Nelson Agholor,PHI,,,,,,2.7,17,0.1,0.2,59.3,704.3,5.2,102.9,106.9,96.1
WR,Jordy Nelson,OAK,,,,,,0,0.1,0,0.4,65.1,714.3,5.1,101.4,108.5,92
WR,Kelvin Benjamin,BUF,,,,,,0,0,0,0.3,54.3,748.7,4.4,100.9,120.7,79.8
WR,Jamison Crowder,WAS,,,,,,3.9,18.9,0.1,1.9,67.2,778.7,4.1,100.8,111.4,86.7
WR,DeSean Jackson,TB,,,,,,2.8,19,0,0.2,51.8,746,3.9,99.5,114.9,83
WR,Sterling Shepard,NYG,,,,,,2.2,10.8,0,0.2,60.9,724.6,4.1,97.9,110.8,85.8
WR,Tyrell Williams,LAC,,,,,,0,0,0,0.7,46,699.1,4.5,95.6,106.4,83.4
WR,Kenny Golladay,DET,,,,,,0.5,2.9,0,0.2,44.6,686,4.4,95,108.8,69.7
WR,Julian Edelman,NE,,,,,,3.4,20.5,0,0.7,60.3,690.2,4,93.7,98.6,89.5
WR,Mohamed Sanu,ATL,,,,,,2.2,10.4,0,0.2,61.5,678.8,4.2,93.6,106.3,88
WR,Josh Doctson,WAS,,,,,,0.5,2.4,0,0.3,45.7,641,4.8,92.4,112,70.1
WR,Allen Hurns,DAL,,,,,,0,0,0,0.2,53.6,685.4,3.8,91.2,102.4,77.7
WR,Ted Ginn,NO,,,,,,4.6,30.4,0.1,0.4,46.5,649.2,3.9,90.8,97.6,86.2
WR,Tyler Lockett,SEA,,,,,,7.5,51.8,0.3,0.2,46.9,605.6,3.5,88.6,99.7,70.9
WR,Martavis Bryant,OAK,,,,,,2,12.2,0,0.2,45.4,607.4,3.7,84,94.7,74.6
WR,Calvin Ridley,ATL,,,,,,0.3,1,0,0.3,45.2,587.3,3.8,81,99.5,66.5
WR,Mike Wallace,PHI,,,,,,0.5,2.5,0,0.2,38.6,557.5,3.7,77.6,98.1,62.5
WR,Paul Richardson,WAS,,,,,,0.1,0.3,0,0.3,41.8,597.3,3,77.3,93.9,46.5
WR,Cameron Meredith,NO,,,,,,0,0.1,0,1.5,45.1,576.7,3.6,76.2,92.6,69.9
WR,Quincy Enunwa,NYJ,,,,,,0.1,0.5,0,0.2,43,566.8,3.3,76.1,93.7,63.6
WR,D.J. Moore,CAR,,,,,,0.3,1.5,0,0.3,42.2,553.6,3.5,76,86.9,60.5
WR,Jordan Matthews,NE,,,,,,0,0,0,0.9,45.3,543.2,3.6,74.3,95.7,39.5
WR,Terrance Williams,DAL,,,,,,1.2,6.4,0,0.3,46.3,561.6,3,74.3,89,64.4
WR,Danny Amendola,MIA,,,,,,0.9,5.6,0,0.3,53.2,582.8,2.6,73.8,93.9,62.8
WR,Jermaine Kearse,NYJ,,,,,,0,0,0,0.2,44.1,544.8,2.9,71.8,79.9,61.8
WR,Dede Westbrook,JAC,,,,,,0,0,0,0.2,41.1,535.2,3.1,71.7,80.5,61.1
WR,John Brown,BAL,,,,,,1.2,5.4,0,0.1,38.1,506.2,3,68.8,76,63.2
WR,Travis Benjamin,LAC,,,,,,5,32,0.1,0.7,32,485.4,2.9,68.2,85.5,51.5
WR,Mike Williams,LAC,,,,,,0,0,0,0.2,37.7,480,3.3,67,78.9,58.3
WR,J.J. Nelson,ARI,,,,,,2.1,13.4,0,0.9,34.2,512.6,2.6,66.3,76.5,60.7
WR,Brandon LaFell,CIN,,,,,,0.1,0.1,0,0.2,44,494.7,2.9,66.3,79.4,54.1
WR,Ryan Grant,IND,,,,,,0,0,0,0.2,37.1,464.6,3.3,65.9,77.8,55.5
WR,Donte Moncrief,JAC,,,,,,0.1,0.7,0,0.2,32.2,436.5,3.6,65.2,89.7,26.6
WR,Zay Jones,BUF,,,,,,0.1,0.3,0,0.2,38.7,489,2.8,65.2,77.6,61.5
WR,Tre'Quan Smith,NO,,,,,,0,0,0,0.6,39,489,2.8,64.5,65.7,65.7
WR,Michael Gallup,DAL,,,,,,0,0,0,0.3,34.8,458.4,3.1,63.8,70.2,58.4
WR,Anthony Miller,CHI,,,,,,0,0,0,0.4,37.5,488.3,2.6,63.7,86.3,46.1
WR,Albert Wilson,MIA,,,,,,1.2,7.2,0,0.2,39.5,472.2,2.4,62.3,84.2,47.6
WR,Brandon Marshall,SEA,,,,,,0,0.3,0,0.2,35.4,436.1,2.9,60.5,70.8,35.4
WR,Keelan Cole,JAC,,,,,,0,-0.1,0,0.7,28.8,449,2.8,60.2,87.2,28.4
WR,Geronimo Allison,GB,,,,,,0,0,0,1.1,34.8,426.2,3.1,58.7,74,43.9
WR,Chris Godwin,TB,,,,,,0,0,0,0.2,32.7,454.9,2.2,58.2,73.5,47.5
WR,Terrelle Pryor,NYJ,,,,,,0.7,4.9,0,0.2,35.6,442.4,2.2,57.6,71.7,42.6
WR,Christian Kirk,ARI,,,,,,0.3,1,0,0.3,35.6,441.2,2.3,57.4,81.4,36.7
WR,Chester Rogers,IND,,,,,,1.7,8.3,0,0.2,31.7,419.2,2.3,56.5,76.7,43.3
WR,Cole Beasley,DAL,,,,,,0.1,0.2,0,0.2,40.7,413.1,2.6,56.4,68.6,50.9
WR,Willie Snead,BAL,,,,,,0,0,0,0.5,39.1,451.4,1.9,55.6,76.5,40.1
WR,Adam Humphries,TB,,,,,,0.9,5.2,0,0.5,42.2,443.9,1.7,54.1,69.7,36.1
WR,Corey Coleman,CLE,,,,,,0.1,0.2,0,0.2,28.8,389.7,2.4,53.2,71.3,40.1
WR,John Ross,CIN,,,,,,2.6,16.4,0.1,0.6,30.2,388.7,2.1,52.4,68.1,34.6
WR,Trent Taylor,SF,,,,,,0,0,0,1.2,36,409.3,2.3,52.4,60.2,48.1
WR,Courtland Sutton,DEN,,,,,,0,0,0,0.4,30.5,392.6,2.3,52.2,63.6,35.4
WR,James Washington,PIT,,,,,,0,0,0,0.3,27.9,371.4,2.3,50.5,75.9,41
WR,Kendall Wright,MIN,,,,,,0,0,0,0.2,35.2,394.4,1.8,49.7,67.7,22.8
WR,Taylor Gabriel,CHI,,,,,,1.8,10.8,0,0.2,29.8,366.4,1.9,48.8,58.3,43.7
WR,Jaron Brown,SEA,,,,,,0,0,0,0.2,23.4,327.9,2.7,48.4,80.6,28.5
WR,Taywan Taylor,TEN,,,,,,3.3,18.5,0.1,0.2,26.6,361.3,1.3,46,58.8,34.2
WR,Curtis Samuel,CAR,,,,,,6,36.2,0.1,0.2,26.6,288.8,1.6,42.2,56.1,24.5
WR,TJ Jones,DET,,,,,,0,0,0,0.2,23.8,312.2,1.6,40.5,63.8,24.4
WR,Torrey Smith,CAR,,,,,,0.4,1.2,0,0.2,23.4,300.8,1.8,40.4,55.3,22.3
WR,Brice Butler,ARI,,,,,,0,0,0,0.2,19.8,300.3,1.7,39.8,72.3,29.8
WR,Dante Pettis,SF,,,,,,0,0,0,0.4,22.9,301.5,1.6,39.2,47.2,28.9
WR,Seth Roberts,OAK,,,,,,0,0,0,1.2,29.8,310.2,1.6,38.2,47.6,29.5
WR,Tavon Austin,DAL,,,,,,21.9,132.2,0.8,2.7,22.5,207.8,0.7,37.5,45.9,29.4
WR,D.J. Chark,JAC,,,,,,0,0,0,0.3,21.4,292.8,1.4,36.9,53.9,16.4
WR,Laquon Treadwell,MIN,,,,,,0,0,0,0.3,23.5,272.5,1.6,36.4,48,28.6
WR,Chad Williams,ARI,,,,,,0.8,4.1,0,0.4,23.5,282.2,1.4,36.2,51.9,24.5
WR,Keke Coutee,HOU,,,,,,0,0,0,0.4,21.4,274.6,1.5,35.8,51.8,8.2
WR,Malcolm Mitchell,NE,,,,,,0,0,0,0.3,19.8,251.1,1.9,35.7,71.7,12.5
WR,Bruce Ellington,HOU,,,,,,0.7,3.6,0,0.4,23.4,272.1,1.1,33.6,44.4,19.4
WR,Jeremy Kerley,BUF,,,,,,0,0,0,1,26.1,282.4,1.1,32.9,41.4,32.2
WR,Chris Conley,KC,,,,,,0,0,0,0.1,20.5,255.4,1.2,32.5,66.3,10.3
WR,Cody Latimer,NYG,,,,,,0,0,0,0.3,20.6,258.6,1.1,31.9,44.4,19.5
WR,Andre Holmes,BUF,,,,,,0,0,0,0.2,18.7,217.2,1.7,31.3,43.1,21.9
WR,Justin Hardy,ATL,,,,,,0.1,0.8,0,0.3,17.8,223.5,1.5,31.2,39.3,18.5
WR,Mack Hollins,PHI,,,,,,0,0,0,0.4,17.4,228.9,1.5,31.1,43.1,22.3
WR,Aldrick Robinson,SF,,,,,,0,0,0,0.4,18.1,245.6,0.9,29.1,35.9,25.5
WR,Antonio Callaway,CLE,,,,,,0,0,0,0.8,19,247.5,0.8,28,53.7,5.4
WR,Brandon Coleman,NO,,,,,,0,0,0,0.6,15.1,198,1.4,27.2,39.9,15.2
WR,Braxton Miller,HOU,,,,,,1.1,7.6,0.1,0.3,18.7,194.5,1.2,27,47.6,18.7
WR,Roger Lewis,NYG,,,,,,0,0,0,0.2,16.7,201.4,1.1,26.1,40.9,6.9
WR,Cordarrelle Patterson,NE,,,,,,10.3,78.2,0.6,0.1,10.5,108.4,0.5,25.4,38,9.5
WR,J'Mon Moore,GB,,,,,,0,0,0,0.3,15.2,189.1,1.1,25.1,29.6,23.7
WR,Kevin White,CHI,,,,,,0.1,-0.3,0,0.4,20,214.5,0.7,24.9,37.9,11.4
WR,Carlos Henderson,DEN,,,,,,0,0,0,0.1,14.9,187,0.9,24,47.1,7.9
WR,Phillip Dorsett,NE,,,,,,0.6,3.5,0,0,12.5,168.7,1.1,24,35.9,12.3
WR,Tyler Boyd,CIN,,,,,,0.2,1.9,0,0.5,16.4,187.4,0.9,23.5,28.4,20.9
WR,Kenny Britt,NE,,,,,,0,0,0,0.2,12,163.1,1.2,23.3,40.1,8.2
WR,Bennie Fowler,CHI,,,,,,0,0,0,0.3,13,170.4,1.1,23,56,7.2
WR,Deonte Thompson,DAL,,,,,,0.5,2.8,0,0.1,13.1,182,0.8,22.9,36.7,11.2
WR,Josh Reynolds,LAR,,,,,,1.6,9.6,0.1,0.3,12.4,150.5,1.1,22.5,41,7.9
WR,Chris Moore,BAL,,,,,,1.4,7.8,0,0.1,13.4,156.7,1,22.3,48,6.6
WR,Deon Cain,IND,,,,,,0,0,0,0,12,156.6,1.1,22.2,37.1,8.5
WR,DaeSean Hamilton,DEN,,,,,,0,0,0,0.8,14.5,177.5,1,21.9,23.6,23.3
WR,Russell Shepard,NYG,,,,,,0.5,0.5,0,0,13.2,179.2,0.6,21.3,21.4,21.4
WR,Demarcus Robinson,KC,,,,,,0,0.2,0,0,13.4,153.6,0.8,20.1,33.8,7.7
WR,Breshad Perriman,BAL,,,,,,0.1,0.6,0,0.2,13.1,155.1,0.8,19.7,24.6,14.9
WR,Brian Quick,WAS,,,,,,0,0,0,0.5,12.8,169.7,0.6,19.3,51.2,5.2
WR,Jakeem Grant,MIA,,,,,,1.3,5.6,0,1.2,11.5,155.1,0.9,19,44.2,8.3
WR,ArDarius Stewart,NYJ,,,,,,1,4.5,0,0.1,11.4,145.5,0.6,18.4,33.2,4
WR,DeAngelo Yancey,GB,,,,,,0,0,0,0,12,167,0,16.7,16.7,16.7
WR,Jordan Lasley,BAL,,,,,,0,0,0,0.4,11.5,131,0.7,16.2,18.6,15.4
WR,Amara Darboh,SEA,,,,,,0,0,0,0.1,10.1,118.8,0.6,15.5,36.8,5.7
WR,Josh Bellamy,CHI,,,,,,0.4,2.3,0,0.1,8.9,117.7,0.6,15.4,24.7,8.4
WR,Tajae Sharpe,TEN,,,,,,0,0.1,0,0.1,9.6,121.5,0.6,15.3,21.5,8.2
WR,Daurice Fountain,IND,,,,,,0,0,0,0,8.3,105.3,0.8,15.1,19.6,8.5
WR,Pharoh Cooper,LAR,,,,,,0.3,4.4,0,2.7,12.8,146.7,0.7,14.3,32.7,8.5
WR,Isaiah McKenzie,DEN,,,,,,0.6,1.7,0,0,8.8,110.7,0.5,14.1,20.1,7.8
WR,Tavarres King,MIN,,,,,,0.4,1,0,0.1,7,98.5,0.6,13.1,25.5,7
WR,Darrius Heyward-Bey,PIT,,,,,,0.6,3.6,0,0.1,7,100.9,0.4,12.8,23.3,4.7
WR,Rashard Higgins,CLE,,,,,,0,0,0,0.3,7.6,87.6,0.7,12.1,16.2,6.8
WR,Jordan Taylor,DEN,,,,,,0,0,0,0.1,7.7,96,0.5,12.1,22.7,6.9
WR,Hunter Sharp,NYG,,,,,,0.1,-0.1,0,0.1,6,68.1,0.9,11.9,17.5,6.5
WR,Travis Rudolph,NYG,,,,,,0,0,0,0.1,7.7,96.3,0.4,11.8,17.7,7.9
WR,Damiere Byrd,CAR,,,,,,0,0,0,0.1,7.2,90.5,0.5,11.6,13.7,9.6
WR,Bobo Wilson,TB,,,,,,0.2,0.1,0,0,6.2,82.9,0.5,11.2,11.1,11.1
WR,Jaleel Scott,BAL,,,,,,0,0,0,0.4,9,101.5,0.3,11.2,15.4,8.5
WR,Rod Streater,BUF,,,,,,0,0,0,0,6.5,83.8,0.4,11,10.8,10.8
WR,Marquess Wilson,PHI,,,,,,0,0,0,0,5.7,73.1,0.6,10.9,10.8,10.8
WR,Chad Hansen,NYJ,,,,,,0,0,0,0.1,6.7,85.1,0.4,10.5,21.4,2.7
WR,Michael Campanaro,TEN,,,,,,0.8,4,0,0.1,6.5,78.3,0.4,10.3,17.7,7.7
WR,Johnny Holton,OAK,,,,,,0,0.4,0,0.7,5.4,83.9,0.5,10.3,15.2,8
WR,Justin Hunter,PIT,,,,,,0,0.4,0,0.1,3.9,52.5,0.8,10.1,19,5.1
WR,Matt Slater,NE,,,,,,0.1,-0.1,0,0,4.9,63.4,0.6,10.1,10,10
WR,Sammie Coates,HOU,,,,,,0.1,0.8,0,0.1,4.8,80,0.4,10,11.8,8.4
WR,Jordan Leslie,DEN,,,,,,0,0,0,0,5.2,70.9,0.5,10,10,10
WR,Braxton Berrios,NE,,,,,,0,0,0,0,5,70,0.5,10,10,10
WR,DeAndre Smelter,JAC,,,,,,0,0,0,0,5.6,72.3,0.5,10,9.8,9.8
WR,James Wright,IND,,,,,,0,0,0,0,6.2,74,0.4,9.9,9.6,9.6
WR,Ryan Switzer,OAK,,,,,,0.3,1.4,0,0.3,7.4,84.5,0.3,9.8,18.5,4.2
WR,Darius Jennings,TEN,,,,,,0,0,0,0,5.9,71,0.5,9.8,9.7,9.7
WR,Kasen Williams,IND,,,,,,0,0,0,0.1,8,88,0.2,9.8,10,10
WR,Lucky Whitehead,NYJ,,,,,,0.4,2.9,0,0,5.9,67.4,0.4,9.4,9.1,9.1
WR,Jake Lampman,TB,,,,,,0,0,0,0,5.7,72.1,0.4,9.4,9.5,9.5
WR,Seantavius Jones,IND,,,,,,0,0,0,0,5.5,67.5,0.4,9.2,9.1,9.1
WR,Kendrick Bourne,SF,,,,,,0,0,0,0.1,6.6,87.8,0.1,9.2,14.5,6.3
WR,Cody Core,CIN,,,,,,0,0,0,0.1,8.4,86.6,0.1,9.1,13.1,5
WR,Leonte Carroo,MIA,,,,,,0,0,0,0.1,7.1,82.8,0.2,9.1,10.7,8.2
WR,DeVier Posey,BAL,,,,,,0,0,0,0,5.4,68,0.4,9.1,8.9,8.9
WR,Geremy Davis,LAC,,,,,,0,0,0,0,4.7,64.2,0.4,9,9.1,8.8
WR,Jace Billingsley,DET,,,,,,0,0,0,0,5.5,70.9,0.3,8.8,8.9,8.9
WR,Byron Marshall,WAS,,,,,,0,0,0,0,5.5,67.1,0.4,8.8,8.9,8.9
WR,Dylan Cantrell,LAC,,,,,,0,0,0,0,4,64,0.4,8.8,8.8,8.8
WR,Austin Carr,NO,,,,,,0,0,0,0.1,5,66,0.4,8.8,9,9
WR,Marquez Valdes-Scantling,GB,,,,,,0,0,0,0,5,58,0.5,8.8,8.8,8.8
WR,Jaydon Mickens,JAC,,,,,,0,0,0,0.7,4,51.1,0.8,8.7,10.2,9.9
WR,Daniel Braverman,KC,,,,,,0,0,0,0,5,57.5,0.5,8.7,8.6,8.6
WR,Marlon Brown,CHI,,,,,,0,0,0,0,5.5,68.3,0.3,8.6,8.5,8.5
WR,Richie James,SF,,,,,,0,0,0,0.1,5,69,0.3,8.5,8.7,8.7
WR,Rashad Greene,JAC,,,,,,0,0,0,0,5.9,66.4,0.3,8.5,8.4,8.4
WR,Rashad Ross,ARI,,,,,,0,0,0,0,5.8,69.7,0.2,8.4,8.2,8.2
WR,Alex Erickson,CIN,,,,,,0.1,0.4,0,0.4,6.1,77.5,0.2,8.2,11.4,7.2
WR,Equanimeous St. Brown,GB,,,,,,0,0,0,0,5.5,67,0.3,8.2,8.8,7.6
WR,Jarius Wright,CAR,,,,,,0,0,0,0.1,5.5,63.5,0.3,8.1,10,5.4
WR,DeAndrew White,HOU,,,,,,0,0,0,0.1,4.4,64.2,0.3,8,8.4,8
WR,Kenny Bell,DEN,,,,,,0,0,0,0,5.3,65.3,0.3,8,7.9,7.9
WR,Justin Watson,TB,,,,,,0,0,0,0.1,5,64,0.3,8,8.2,8.2
WR,Reggie Davis,ATL,,,,,,0,0,0,0,4,62,0.3,8,8,8
WR,Russell Gage,ATL,,,,,,0,0,0,0,4,62,0.3,8,8,8
WR,Charone Peake,NYJ,,,,,,0,0.1,0,0.1,6.7,65.4,0.3,8,9.9,6.3
WR,Maurice Harris,WAS,,,,,,0,0,0,0.1,4.8,63.4,0.3,7.9,10.1,6.4
WR,Trey Quinn,WAS,,,,,,0,0,0,0.1,5,63,0.3,7.9,8.1,8.1
WR,Nick Williams,TEN,,,,,,0,0,0,0.1,6,69,0.2,7.9,8.1,8.1
WR,Andy Jones,DET,,,,,,0,0,0,0.1,4.8,62.9,0.3,7.9,8.9,7.3
WR,De'Anthony Thomas,KC,,,,,,0.1,1.8,0,0,5.3,47.4,0.5,7.8,8.9,6.1
WR,Marquis Bundy,NYG,,,,,,0,0,0,0,5,63.2,0.3,7.8,7.7,7.7
WR,Markus Wheaton,PHI,,,,,,0,0,0,0.1,4.2,58.5,0.4,7.7,10.2,5.5
WR,Damion Ratley,CLE,,,,,,0,0,0,0.1,5,61,0.3,7.7,7.9,7.9
WR,Tommylee Lewis,NO,,,,,,0.7,2.7,0,0.6,5.1,58.9,0.4,7.6,13.7,5.6
WR,Victor Bolden Jr.,SF,,,,,,0,0,0,0,4.1,52.5,0.4,7.5,7.5,7.5
WR,Krishawn Hogan,IND,,,,,,0,0,0,0,5.3,62.8,0.2,7.5,9.1,5.8
WR,Demarcus Ayers,CHI,,,,,,0,0,0,0,4.6,57.5,0.3,7.4,7.4,7.4
WR,Trevor Davis,GB,,,,,,0.6,2.2,0,0.3,5.4,66.7,0.2,7.4,8.9,5.9
WR,Tanner McEvoy,SEA,,,,,,0,0,0,0.6,4.8,64.3,0.4,7.3,16.4,2.7
WR,Marcell Ateman,OAK,,,,,,0,0,0,0.1,4,56,0.3,7.2,7.4,7.4
WR,Shane Wynn,JAC,,,,,,0,0,0,0.1,3.8,53.2,0.3,7.1,8.5,6.2
WR,Freddie Martino,TB,,,,,,0,0.2,0,0.1,4.5,64.9,0.1,7.1,8.7,5.4
WR,Bradley Marquez,DET,,,,,,0,0,0,0,4.9,59,0.2,7.1,7.3,7.3
WR,Marvin Hall,ATL,,,,,,0,0,0,0.1,3.8,57.3,0.3,7,8.6,5.1
WR,Max McCaffrey,SF,,,,,,0,0,0,0.1,5.8,58.9,0.2,7,8.5,5.7
WR,Chris Thompson,WAS,,,,,,0,0.1,0,0.1,4.1,57.5,0.2,7,9.8,4.5
WR,Tanner Gentry,CHI,,,,,,0,0,0,0.1,4.8,56.2,0.2,6.9,7.2,6.9
WR,K.J. Brent,IND,,,,,,0,0,0,0,4,50.9,0.3,6.7,6.6,6.6
WR,Cedrick Wilson,DAL,,,,,,0,0,0,0.1,4,51,0.3,6.7,6.9,6.9
WR,Auden Tate,CIN,,,,,,0,0,0,0.1,4,50,0.3,6.6,6.8,6.8
WR,Javon Wims,CHI,,,,,,0,0,0,0.1,4,54,0.2,6.4,6.6,6.6
WR,Stacy Coley,MIN,,,,,,0,0,0,0,3.9,46,0.3,6.3,6.1,6.1
WR,Marcus Johnson,SEA,,,,,,0,0,0,0.2,5.1,55.1,0.2,6.2,7.2,6.1
WR,J.D. McKissic,SEA,,,,,,0,0,0,0.2,7,48,0.3,6.2,6.6,6.6
WR,Dwayne Harris,OAK,,,,,,0,0,0,0.4,3,41.6,0.5,6.2,10.9,2.8
WR,Isaac Whitney,OAK,,,,,,0,0,0,0,4.4,52.5,0.2,6.1,6,6
WR,Michael Clark,GB,,,,,,0,0,0,0,4.9,57.2,0.1,6.1,6.4,5.4
WR,Jehu Chesson,KC,,,,,,0,0,0,0,4.6,53.4,0.1,6.1,7.7,3.7
WR,Charles Johnson,NYJ,,,,,,0,0,0,0.1,5,60,0,5.8,6,6
WR,Brandon Reilly,BUF,,,,,,0,0,0,0,4,45,0.2,5.7,5.7,5.7
WR,Ray-Ray McCloud,BUF,,,,,,0,0,0,0,4,45,0.2,5.7,5.7,5.7
WR,Austin Proehl,BUF,,,,,,0,0,0,0,4,45,0.2,5.7,5.7,5.7
WR,Quan Bray,BUF,,,,,,0,0,0,0.1,5.2,53.5,0.1,5.7,6,5.5
WR,Shelton Gibson,PHI,,,,,,0,0,0,0.1,4.3,50.8,0.1,5.6,6.8,5.3
WR,Aaron Burbridge,SF,,,,,,0,0,0,0.3,4,52,0.2,5.6,8,4.3
WR,Noah Brown,DAL,,,,,,0,0,0,0.1,4.4,44.1,0.2,5.6,6,5.5
WR,JoJo Natson,NYJ,,,,,,0,0,0,0.1,4,45,0.2,5.5,5.7,5.7
WR,Ricardo Louis,CLE,,,,,,0,0,0,0.1,4.5,51.9,0.1,5.5,6,5.3
WR,Josh Malone,CIN,,,,,,0.5,1.8,0,0.1,4,44.9,0.2,5.4,7,2.8
WR,Kaelin Clay,BUF,,,,,,0.2,1.5,0,0.6,4.7,60.4,0.1,5.3,6.7,6.2
WR,Griff Whalen,OAK,,,,,,0,0,0,0,5.2,46.5,0.1,5.3,5.2,5.2
WR,Bryce Treggs,PHI,,,,,,0.3,1.8,0,0,2.4,33.7,0.2,4.6,4.6,4.6
WR,Jeff Janis,CLE,,,,,,0,0,0,0.1,3.3,38.4,0.1,4.3,5.9,3
WR,Kalif Raymond,NYG,,,,,,0.1,0.7,0,0.5,3.2,37.4,0.2,3.8,9.4,1.7
WR,Vince Mayle,BAL,,,,,,0.1,0.4,0,0.1,2.3,30.4,0.1,3.5,7.1,0
WR,Andre Roberts,NYJ,,,,,,0,0,0,0.7,3,33,0.1,2.5,3.9,3.9
TE,Rob Gronkowski,NE,,,,,,0,0,0,0.2,73.9,"1,083.00",9.3,164.1,176.5,153
TE,Travis Kelce,KC,,,,,,0,0,0,0.1,82.8,"1,000.10",6.7,139.8,147.6,132.6
TE,Zach Ertz,PHI,,,,,,0,0,0,0.5,76.5,849.6,6.5,123.1,131.4,117.6
TE,Evan Engram,NYG,,,,,,0,0,0,0.2,69.5,776,5.5,110.5,117.6,103.5
TE,Greg Olsen,CAR,,,,,,0,0,0,0.2,63.8,773.7,5.3,108.7,125.6,89.6
TE,Jimmy Graham,GB,,,,,,0,0,0,0.5,61.6,650.3,7,105.9,116.3,93.6
TE,Delanie Walker,TEN,,,,,,0,0,0,1.1,67.4,766.6,5.1,104.9,121.6,97.1
TE,Kyle Rudolph,MIN,,,,,,0,0,0,0.2,61.7,630.8,6.2,100,108.1,89.1
TE,Jordan Reed,WAS,,,,,,0,0,0,0.4,60.5,616.4,4.5,88,105.8,73
TE,Jack Doyle,IND,,,,,,0,0,0,1.1,63.2,599.5,4.7,86.2,98.8,75.3
TE,Trey Burton,CHI,,,,,,0,0,0,0.3,52.2,584.6,4.4,84.1,96.5,79.9
TE,Cameron Brate,TB,,,,,,0,0,0,0.2,45.1,538.3,4.2,78.4,84.7,74.6
TE,George Kittle,SF,,,,,,0,0,0,0.2,47,539.5,4.1,78.3,82.2,74.4
TE,Tyler Eifert,CIN,,,,,,0,0,0,0.3,44.1,489.9,4.8,77.4,103.2,65
TE,David Njoku,CLE,,,,,,0,0,0,0.2,45.5,532.4,4.1,77.2,82.7,70
TE,Charles Clay,BUF,,,,,,0,0,0,0.2,53.7,572.2,3.2,76,83.4,72.2
TE,Jared Cook,OAK,,,,,,0,0,0,0.7,46.4,557.1,3.5,75.4,79.9,72.5
TE,O.J. Howard,TB,,,,,,0,0,0,1.7,37.7,503.3,3.9,70.7,83.1,62.8
TE,Eric Ebron,IND,,,,,,0,0,0,0.5,44.7,479.9,3.8,69.8,75.7,56.2
TE,Austin Hooper,ATL,,,,,,0,0,0,0.2,44.2,487.1,3.6,69.8,74.5,64.5
TE,Vance McDonald,PIT,,,,,,0,0,0,0.2,39.8,476.6,3.5,68.3,79.6,47.7
TE,Ricky Seals-Jones,ARI,,,,,,0,0,0,0.2,36.5,448.5,3.9,67.8,72.6,57.9
TE,Austin Seferian-Jenkins,JAC,,,,,,0,0,0,0.6,45.2,474.5,3.3,66.2,74.9,57.1
TE,Benjamin Watson,NO,,,,,,0,0,0,0.2,43.4,440.8,3.7,65.8,79.7,56.5
TE,Mike Gesicki,MIA,,,,,,0,0,0,0.4,38.8,401.4,2.9,56.6,64,42.8
TE,Hayden Hurst,BAL,,,,,,0,0,0,0.3,37.8,369.7,2.7,52.7,61.5,49
TE,Vernon Davis,WAS,,,,,,0,0,0,1.4,32.2,399,2.5,52.1,72.2,39.5
TE,Virgil Green,LAC,,,,,,0,0,0,0.2,30.3,336.7,2.6,48.7,61.4,28.5
TE,Luke Willson,DET,,,,,,0,0,0,0.2,31.1,316.9,2.8,48.2,58.2,40.8
TE,Ed Dickson,SEA,,,,,,0,0,0,0.2,26.8,318.8,2.3,45.2,63.2,33.5
TE,Garrett Celek,SF,,,,,,0,0,0,0.3,23.4,285.9,2.7,44.4,67.3,32.3
TE,Jake Butt,DEN,,,,,,0,0,0,0.4,28.6,308.6,2.3,43.8,55.2,32
TE,Jesse James,PIT,,,,,,0,0,0,0.2,30.7,296,2.3,43.1,61.9,30.5
TE,Ryan Griffin,TB,,,,,,0,0,0,0.7,28.9,310.1,2,41.5,62.7,25.9
TE,Tyler Higbee,LAR,,,,,,0,0,0,0.3,26.6,286.1,2.1,40.6,49.6,32.6
TE,Nick Vannett,SEA,,,,,,0,0,0,0.2,25.5,260.3,2.4,40.2,63.4,23.7
TE,Tyler Kroft,CIN,,,,,,0,0,0,0.2,25.3,252.9,2.3,38.9,53.1,33.9
TE,Blake Jarwin,DAL,,,,,,0,0,0,0.3,24.3,249.6,2.3,37.9,59.4,31.1
TE,Jonnu Smith,TEN,,,,,,0,0,0,0.2,25.4,256.9,2.1,37.8,49.1,29.7
TE,Gerald Everett,LAR,,,,,,0,0,0,0.7,21.9,247.8,2.2,36.7,54.7,21.6
TE,Stephen Anderson,HOU,,,,,,0,0,0,0.2,21.4,254.3,1.7,35.3,47.7,23.1
TE,Dallas Goedert,PHI,,,,,,0,0,0,0.3,20.2,212.2,1.9,32.3,39.5,26.2
TE,Jermaine Gresham,ARI,,,,,,0,0,0,0.2,25,240.6,1.3,31.4,39.3,24.5
TE,Marcedes Lewis,GB,,,,,,0,0,0,0.2,16.5,179.2,2.3,31.3,43,17.2
TE,Nick O'Leary,BUF,,,,,,0,0,0,0.7,20.2,249,1.3,31,42.5,21.1
TE,Adam Shaheen,CHI,,,,,,0,0,0,0.1,17.9,194.5,1.8,30.2,40.5,19.7
TE,Mark Andrews,BAL,,,,,,0,0,0,0.2,23.4,217.9,1.5,30,38.1,22.9
TE,Jeff Heuerman,DEN,,,,,,0,0,0,0.2,17.4,199.1,1.4,27.9,49.1,18.9
TE,Rico Gathers,DAL,,,,,,0,0,0,0,16.3,172.3,1.3,24.9,41.1,5.3
TE,Demetrius Harris,KC,,,,,,0,0,0,0.2,15.9,166.8,1.3,24.2,28.3,22.6
TE,Jordan Leggett,NYJ,,,,,,0,0,0,0.3,16.4,168.9,1.2,23.7,30.4,14.9
TE,Seth DeValve,CLE,,,,,,0,0,0,0.2,14.3,156.5,1.4,23.6,34.3,15.6
TE,Clive Walford,NYJ,,,,,,0,0,0,0.1,16,160.8,1.2,23,40.5,9
TE,Nick Boyle,BAL,,,,,,0,0,0,0.1,18.8,160.2,1.1,22.4,44.5,6
TE,Dwayne Allen,NE,,,,,,0,0,0,0,11.7,129.8,1.4,21.4,30,13
TE,Josh Hill,NO,,,,,,0,0,0,1.4,16.4,155.4,1.3,20.6,33.6,16
TE,Braedon Bowman,LAC,,,,,,0,0,0,0.3,12.4,137.2,1.2,20.4,38.3,3.5
TE,Lance Kendricks,GB,,,,,,0,0,0,0.1,12.2,127.7,1.1,19,31.1,11.7
TE,Sean Culkin,LAC,,,,,,0,0,0,0.1,10.8,119.7,1.2,19,19.2,19.2
TE,Chris Herndon IV,NYJ,,,,,,0,0,0,0.3,13,137,1,18.8,21.9,13.5
TE,MarQueis Gray,MIA,,,,,,0,0,0,0.3,14.6,142.5,0.9,18.8,36.6,5.8
TE,Jordan Akins,HOU,,,,,,0,0,0,0.3,14.2,141.4,0.9,18.6,30.5,8.9
TE,Rhett Ellison,NYG,,,,,,0,0,0,0.2,14.1,129.4,1,18.5,32,4.1
TE,Austin Traylor,DEN,,,,,,0,0,0,0.5,13.4,141.3,0.8,17.7,43.4,4.5
TE,Geoff Swaim,DAL,,,,,,0,0,0,0.3,10.2,109.6,1.1,17,25.3,10.6
TE,Richard Rodgers,PHI,,,,,,0,0,0,0.1,10,111.2,1,16.9,25.4,11.8
TE,A.J. Derby,MIA,,,,,,0,0,0,0.2,12.1,116.2,0.9,16.9,26.6,11.8
TE,Michael Roberts,DET,,,,,,0,0,0,0.1,10.9,113.8,0.8,15.9,36.8,5.8
TE,Darren Fells,CLE,,,,,,0,0,0,0.4,11.4,122.4,0.7,15.9,23.6,6
TE,Ben Koyack,JAC,,,,,,0,0,0,0.1,11.1,103.8,0.9,15.7,20.5,9.4
TE,David Morgan,MIN,,,,,,0,0,0,0.1,10,102.4,0.8,14.7,20.5,7.6
TE,Dion Sims,CHI,,,,,,0,0,0,0.1,9.5,103.6,0.7,14.6,33.7,4.3
TE,Levine Toilolo,DET,,,,,,0,0,0,0.1,10.1,102.7,0.7,14.3,30.5,2.9
TE,Durham Smythe,MIA,,,,,,0,0,0,0.3,9.2,90,0.8,13.1,14.8,11.4
TE,James O'Shaughnessy,JAC,,,,,,0,0,0,0.1,7.2,74.2,0.9,12.9,19.1,5.6
TE,Will Dissly,SEA,,,,,,0,0,0,0.2,9.2,89.8,0.7,12.8,19.1,8.2
TE,Maxx Williams,BAL,,,,,,0,0,0,1.8,14.4,120.1,0.7,12.4,21.5,11.8
TE,Niles Paul,JAC,,,,,,0,0,0,0.1,8.7,82.3,0.7,12.3,28.3,3.3
TE,Eric Saubert,ATL,,,,,,0,0,0,0,7.1,72.9,0.7,11.6,17.4,5.5
TE,Troy Niklas,NE,,,,,,0,0,0,0.1,7,75.9,0.6,11.2,14.5,7.2
TE,Eric Tomlinson,NYJ,,,,,,0,0,0,0.1,6.7,76.7,0.6,11.2,18.1,7.8
TE,Evan Baylis,CAR,,,,,,0,0,0,0,7.2,74.6,0.6,10.9,19.5,5.3
TE,Sean McGrath,DET,,,,,,0,0,0,0.1,6,68.2,0.7,10.9,18.3,3.5
TE,Ian Thomas,CAR,,,,,,0,0,0,0.2,7,74.4,0.6,10.6,14.2,7.9
TE,Erik Swoope,IND,,,,,,0,0,0,0.1,6.8,82.3,0.4,10.6,16,8
TE,Dalton Schultz,DAL,,,,,,0,0,0,0.3,7.9,81.5,0.5,10.3,15,7.7
TE,Matt Lengel,HOU,,,,,,0,0,0,0,4.8,56.1,0.7,10.1,10.2,10.2
TE,Logan Thomas,BUF,,,,,,0,0,0,0.1,6.5,64.2,0.6,9.9,13.5,8.5
TE,Tim Wright,KC,,,,,,0,0,0,0,5.4,58.4,0.6,9.6,9.3,9.3
TE,Neal Sterling,NYJ,,,,,,0,0,0,0.1,6.4,79.1,0.3,9.4,10.9,8.2
TE,Emanuel Byrd,GB,,,,,,0,0,0,0,4.9,55,0.6,9.2,9.1,9.1
TE,Cole Wick,SF,,,,,,0,0,0,0,5.3,56.4,0.5,8.5,8.4,8.4
TE,Cole Hikutini,SF,,,,,,0,0,0,0,4.7,57.3,0.4,8.4,10.7,6
TE,Jace Amaro,KC,,,,,,0,0,0,0,4.9,53.8,0.5,8.2,8.2,8.2
TE,Antony Auclair,TB,,,,,,0,0,0,0.1,4.7,49.4,0.5,7.6,10.2,5.2
TE,Derek Carrier,OAK,,,,,,0,0,0,0.1,7.9,59.1,0.3,7.5,15.5,3.6
TE,MyCole Pruitt,HOU,,,,,,0,0,0,0,5.1,54.6,0.3,7.4,7.5,7.5
TE,Troy Fumagalli,DEN,,,,,,0,0,0,0.1,5.6,57.4,0.3,7.4,11.7,4.9
TE,Jerell Adams,NYG,,,,,,0,0,0,0,5.9,62.1,0.2,7.4,10.3,5.3
TE,Henry Krieger Coble,LAR,,,,,,0,0,0,0,4.5,49.1,0.4,7.3,7.3,7.3
TE,C.J. Uzomah,CIN,,,,,,0,0,0,0.1,6.8,64.4,0.2,7.2,8.2,6.8
TE,Ryan Izzo,MIN,,,,,,0,0,0,0,5,48,0.4,7.2,7.2,7.2
TE,Alex Ellis,KC,,,,,,0,0,0,0,4.9,49.5,0.3,7,7,7
TE,Logan Paulsen,ATL,,,,,,0,0,0,0.1,4.8,48.1,0.4,7,14.5,0.2
TE,Gavin Escobar,MIA,,,,,,0,0,0,0.1,4,41.5,0.5,7,8.9,5.6
TE,Jeremy Sprinkle,WAS,,,,,,0,0,0,0.1,4.5,47,0.4,6.9,10.9,3.6
TE,Luke Stocker,TEN,,,,,,0,0,0,0.1,5.1,40.5,0.5,6.9,7.4,7.1
TE,Tyler Conklin,NE,,,,,,0,0,0,0,5.3,60.7,0.1,6.9,8.6,5.9
TE,Michael Hoomanawanui,NO,,,,,,0,0,0,0.1,4.4,44.1,0.4,6.8,9.5,4.8
TE,Hakeem Valles,DET,,,,,,0,0,0,0,4.7,42.3,0.4,6.8,6.7,6.7
TE,Alan Cross,TB,,,,,,0,0,0,0,4.3,47.8,0.3,6.7,10,3.3
TE,Gabe Holmes,ARI,,,,,,0,0,0,0,4.5,46.6,0.3,6.7,6.6,6.6
TE,Brandon Williams,ARI,,,,,,0,0,0,0.1,6,63,0.1,6.7,6.9,6.9
TE,Temarrick Hemingway,LAR,,,,,,0,0,0,0.1,4,44.8,0.4,6.5,8.1,5.3
TE,Khari Lee,BUF,,,,,,0,0,0,0,4.4,39,0.4,6.3,8.4,4.3
TE,Cethan Carter,CIN,,,,,,0,0,0,0,4,43.3,0.3,6.2,6.2,6.2
TE,Daniel Brown,CHI,,,,,,0,0,0,0.1,4.4,47.7,0.2,6,9.4,3.9
TE,Blake Bell,MIN,,,,,,0,0,0,0.1,4.4,46.3,0.3,5.9,7,4.9
TE,Garrett Griffin,NO,,,,,,0,0,0,0,5.1,38.8,0.3,5.9,6.1,6.1
TE,Jordan Thomas,HOU,,,,,,0,0,0,0,4,39,0.3,5.7,5.7,5.7
TE,Xavier Grimble,PIT,,,,,,0,0,0,0.1,4.5,41,0.3,5.5,7,4.6
TE,Mason Schreck,CIN,,,,,,0,0,0,0,4,35,0.3,5.3,5.3,5.3
TE,Bucky Hodges,NYJ,,,,,,0,0,0,0,4,34,0.3,5.2,5.2,5.2
TE,Phillip Supernaw,TEN,,,,,,0,0,0,0.1,3.5,36.7,0.3,5.2,7.6,3.4
TE,Ben Braunecker,CHI,,,,,,0,0,0,0.1,3.5,37.4,0.3,5.1,9.5,0.9
TE,Chris Manhertz,CAR,,,,,,0,0,0,0,4.2,37.8,0.2,5,6.7,3.4
TE,Will Tye,NE,,,,,,0,0,0,0,4.6,37.1,0.2,4.6,4.8,4.8
TE,Ross Travis,IND,,,,,,0,0,0,0.1,3.6,35.1,0.1,4.2,4.6,4
TE,Darrell Daniels,IND,,,,,,0,0,0,0.1,3.2,30.2,0.2,3.8,4.5,3.6
TE,Jacob Hollister,NE,,,,,,0,0,0,0.1,2.7,24.5,0.2,3.5,5.4,2
TE,Ryan Hewitt,CIN,,,,,,0,0,0,0.1,2,19,0,1.7,1.9,1.9
Def,Jacksonville Jaguars,,,,,,,,,,,,,,132.6,158.3,123
Def,Philadelphia Eagles,,,,,,,,,,,,,,120.5,136.1,113.3
Def,Baltimore Ravens,,,,,,,,,,,,,,119.3,138.4,107.8
Def,Los Angeles Rams,,,,,,,,,,,,,,119.2,138.5,108.4
Def,Los Angeles Chargers,,,,,,,,,,,,,,118.4,134,104.6
Def,Denver Broncos,,,,,,,,,,,,,,114.9,144.4,104.2
Def,Minnesota Vikings,,,,,,,,,,,,,,114.2,149.9,106.2
Def,Carolina Panthers,,,,,,,,,,,,,,112.5,129,98
Def,Houston Texans,,,,,,,,,,,,,,112,125.4,105.8
Def,Pittsburgh Steelers,,,,,,,,,,,,,,108.2,133,91.7
Def,New Orleans Saints,,,,,,,,,,,,,,107,121,86
Def,Seattle Seahawks,,,,,,,,,,,,,,106.5,131.9,78.4
Def,Arizona Cardinals,,,,,,,,,,,,,,106.5,133.9,101.5
Def,Kansas City Chiefs,,,,,,,,,,,,,,105,119,81.9
Def,New England Patriots,,,,,,,,,,,,,,104.8,115.4,99.9
Def,Detroit Lions,,,,,,,,,,,,,,103.5,113.9,92.1
Def,Chicago Bears,,,,,,,,,,,,,,102.6,126,88.6
Def,Washington Redskins,,,,,,,,,,,,,,102,125.8,85.1
Def,Atlanta Falcons,,,,,,,,,,,,,,101.4,114.8,83.4
Def,Green Bay Packers,,,,,,,,,,,,,,101.3,123,85
Def,Tennessee Titans,,,,,,,,,,,,,,100.5,128,86.8
Def,Tampa Bay Buccaneers,,,,,,,,,,,,,,99.8,107,84.2
Def,Dallas Cowboys,,,,,,,,,,,,,,97.1,116,82.9
Def,Buffalo Bills,,,,,,,,,,,,,,96.7,116.4,86.3
Def,Cincinnati Bengals,,,,,,,,,,,,,,93.8,122.1,77.6
Def,Miami Dolphins,,,,,,,,,,,,,,91.2,106,70.7
Def,New York Giants,,,,,,,,,,,,,,89.4,103.7,72.8
Def,San Francisco 49ers,,,,,,,,,,,,,,85.7,105,67.3
Def,Oakland Raiders,,,,,,,,,,,,,,85.4,109,64.5
Def,New York Jets,,,,,,,,,,,,,,84,118.1,67.8
Def,Indianapolis Colts,,,,,,,,,,,,,,79.9,106,63.4
Def,Cleveland Browns,,,,,,,,,,,,,,79.5,88.4,65
K,Stephen Gostkowski,NE,,,,,,,,,,,,,144.6,154.3,145.6
K,Greg Zuerlein,LAR,,,,,,,,,,,,,137.1,147.3,134.5
K,Justin Tucker,BAL,,,,,,,,,,,,,133.2,148.6,133.4
K,Chris Boswell,PIT,,,,,,,,,,,,,131.5,143.4,130.8
K,Harrison Butker,KC,,,,,,,,,,,,,131.3,145.9,126.2
K,Matt Bryant,ATL,,,,,,,,,,,,,130.7,146.4,132
K,Wil Lutz,NO,,,,,,,,,,,,,127.8,139,123
K,Jake Elliott,PHI,,,,,,,,,,,,,127,137.3,123
K,Matt Prater,DET,,,,,,,,,,,,,124.2,143.2,114
K,Robbie Gould,SF,,,,,,,,,,,,,123.8,145.3,117
K,Graham Gano,CAR,,,,,,,,,,,,,122.7,131.4,123.7
K,Mason Crosby,GB,,,,,,,,,,,,,121.1,132.6,111
K,Adam Vinatieri,IND,,,,,,,,,,,,,118.8,131.4,116
K,Dan Bailey,DAL,,,,,,,,,,,,,118.6,136.5,115.9
K,Josh Lambo,JAC,,,,,,,,,,,,,117,140,111
K,Ryan Succop,TEN,,,,,,,,,,,,,115.6,128.5,113
K,Caleb Sturgis,LAC,,,,,,,,,,,,,111.9,135.3,104.4
K,Daniel Carlson,MIN,,,,,,,,,,,,,111.7,127.2,104.5
K,Sebastian Janikowski,SEA,,,,,,,,,,,,,111,123.3,107.7
K,Phil Dawson,ARI,,,,,,,,,,,,,110.3,120.4,109.1
K,Ka'imi Fairbairn,HOU,,,,,,,,,,,,,109.7,117,112.6
K,Chandler Catanzaro,TB,,,,,,,,,,,,,109,122.5,104
K,Dustin Hopkins,WAS,,,,,,,,,,,,,108.4,122.4,91
K,Brandon McManus,DEN,,,,,,,,,,,,,107.3,115.9,101
K,Steven Hauschka,BUF,,,,,,,,,,,,,106.7,120.2,95.6
K,Randy Bullock,CIN,,,,,,,,,,,,,101.1,122.8,85
K,Giorgio Tavecchio,OAK,,,,,,,,,,,,,100.8,115.8,92
K,Cairo Santos,NYJ,,,,,,,,,,,,,100.5,124.8,86.8
K,Cody Parkey,CHI,,,,,,,,,,,,,99.8,116.6,83.4
K,Jason Sanders,MIA,,,,,,,,,,,,,97.7,108.6,89
K,Aldrick Rosas,NYG,,,,,,,,,,,,,97.2,115.3,86.2
K,Zane Gonzalez,CLE,,,,,,,,,,,,,95.6,115.9,85.3
K,Kai Forbath,MIN,,,,,,,,,,,,,94.1,134.1,8
K,Eddy Pineiro,OAK,,,,,,,,,,,,,15.6,15.6,15.6
K,Roberto Aguayo,LAC,,,,,,,,,,,,,11.8,11.8,11.8
K,Jason Myers,SEA,,,,,,,,,,,,,6.1,6.1,6.1
K,Marshall Koehn,NYG,,,,,,,,,,,,,3.8,3.8,3.8
QB,Aaron Rodgers,GB,589.2,378.1,"4,162.60",34.1,9,58.9,321.2,2.1,1.9,,,,325.7,407.2,306.9
QB,Tom Brady,NE,589.5,389.4,"4,615.30",33.7,8.8,27.7,34.5,0.9,1.9,,,,306.9,364.7,301.3
QB,Russell Wilson,SEA,537.7,331.3,"3,867.20",26.6,12.2,91.3,506.8,3.1,2.1,,,,301.9,373.2,292.1
QB,Cam Newton,CAR,512.3,299.6,"3,468.40",22.5,14.4,121.8,632.2,5.1,1.6,,,,290.2,352.1,280.6
QB,Deshaun Watson,HOU,508.7,308.1,"3,689.30",26.3,15.8,76.2,450.5,3.4,2.1,,,,282.3,328.6,283.3
QB,Drew Brees,NO,571.3,392.6,"4,494.30",29,12.7,26.7,54.4,1.5,1.9,,,,281,349.5,272.4
QB,Carson Wentz,PHI,526.4,324.6,"3,816.70",27.7,10.6,67.5,279.6,1.9,2.2,,,,277.3,312.1,283.7
QB,Matthew Stafford,DET,574.3,372,"4,298.00",26.7,12.2,34.8,129.6,1,2.7,,,,267.7,335.5,259.8
QB,Kirk Cousins,MIN,549,359,"4,100.70",25.6,13.4,49.1,159,2.6,2.4,,,,266.6,320.8,276.1
QB,Alex Smith,WAS,533.4,343.4,"3,932.50",23.7,9.2,58,265.8,1.7,3.6,,,,263.5,311.8,262.2
QB,Ben Roethlisberger,PIT,574.5,367.9,"4,366.10",28,15,23.6,49.4,0.7,1.7,,,,262.3,321,261.5
QB,Matt Ryan,ATL,549.4,360,"4,250.60",25.2,12.1,34.4,112.5,0.7,2,,,,258,328.9,250.5
QB,Philip Rivers,LAC,573.2,357.3,"4,331.80",28.1,14,19.2,29.4,0.2,2.1,,,,257.9,339.5,243.1
QB,Jimmy Garoppolo,SF,569.2,367,"4,279.30",23.9,12.5,39.8,99.9,1.5,2.1,,,,256.4,310.3,265.5
QB,Andrew Luck,IND,523.9,327.8,"3,763.60",25,14.8,55.3,264,1.7,2,,,,253.7,302.7,256.5
QB,Dak Prescott,DAL,499.5,312,"3,483.70",21.6,12.4,59.4,333.2,3.8,2.5,,,,252.3,304.4,254.7
QB,Jared Goff,LAR,535.6,325.8,"3,947.60",27,10.9,29.5,67.7,1.1,2.7,,,,251.9,305.3,251.2
QB,Marcus Mariota,TEN,503.9,310.7,"3,574.90",21.2,14.3,65.6,349.1,3.3,2.4,,,,249.1,309,238.1
QB,Blake Bortles,JAC,527.7,316,"3,657.70",21.6,13.2,58.1,325.7,2.3,2.2,,,,248.2,325.2,251.4
QB,Patrick Mahomes,KC,526.2,333,"3,822.20",23.2,13.9,56.5,220.2,1.8,2.5,,,,246.1,322.5,229.4
QB,Mitch Trubisky,CHI,524.3,315.3,"3,534.40",20.4,13.7,58.9,298.3,2.1,2.6,,,,232.7,297.8,227.9
QB,Ryan Tannehill,MIA,552.7,347.7,"3,855.10",21.6,14.8,39.8,158.2,1.3,2.2,,,,229.8,298.6,220.9
QB,Andy Dalton,CIN,533.1,323.7,"3,665.00",23.5,13.3,40.9,131.2,1.3,2.8,,,,229.1,298,200.1
QB,Case Keenum,DEN,554.1,346.3,"3,829.90",21.5,12.7,39.4,140.8,1.1,3,,,,228.1,299.9,221.4
QB,Derek Carr,OAK,560.5,340.9,"3,812.70",24.2,13.1,27.3,67.3,0.5,2.6,,,,227.3,294,218.9
QB,Eli Manning,NYG,590.7,361.3,"3,886.30",24.2,14.7,15.3,28.1,0.7,2.3,,,,225.5,297.9,222.7
QB,Tyrod Taylor,CLE,451.2,272.2,"3,023.90",17.1,8.4,67.3,368.6,3,2.8,,,,221.6,280.8,223.8
QB,Jameis Winston,TB,465.8,289.5,"3,456.20",20.3,11.9,33.8,132.2,1.2,2,,,,212.1,272.2,203
QB,Joe Flacco,BAL,549.9,339.1,"3,431.50",19.5,13.4,23.5,52.8,1,1.3,,,,197.4,273.7,184.5
QB,Josh McCown,NYJ,314.8,192.9,"2,170.50",12.1,8.6,25.2,94.5,1.1,1.2,,,,131.9,213.5,70
QB,Sam Bradford,ARI,318.7,206.9,"2,284.40",12.7,6.9,12.1,25.3,0.2,0.8,,,,130.4,219.1,51.9
QB,AJ McCarron,BUF,276.4,166.8,"1,836.60",9.9,7.5,22.2,71.9,0.5,1.1,,,,106.3,141.5,68.9
QB,Josh Rosen,ARI,258.5,156.7,"1,791.10",9.2,6.6,14.3,41.7,0.3,2,,,,96.9,165.4,23.8
QB,Josh Allen,BUF,216.2,125.8,"1,422.20",7.8,7.6,18.8,73.5,0.6,0.9,,,,82.1,130.8,49.7
QB,Sam Darnold,NYJ,181.4,107.8,"1,224.80",6.9,6.4,14.6,43.7,0.2,1.3,,,,67,148.9,24.9
QB,Ryan Fitzpatrick,TB,126.1,75.9,873.1,4.5,3.1,8.1,34.4,0.2,0.3,,,,50.9,78.9,25.8
QB,Baker Mayfield,CLE,100.4,59.3,690.7,4.1,2.8,10.6,43.9,0.3,0.5,,,,43.8,92.8,10.9
QB,Teddy Bridgewater,NYJ,92.1,54,585.4,3,3.1,4.9,18.5,0.1,0.5,,,,30.6,40.3,13.9
QB,Lamar Jackson,BAL,47.1,27.1,308.4,2,1.1,13.8,81.2,0.6,1.2,,,,27.6,45,25.9
QB,Jacoby Brissett,IND,51,30.3,343.7,1.9,1.4,8.8,40.3,0.3,0,,,,24.6,71.5,1.7
QB,Nick Foles,PHI,49.2,29.9,349.8,3,1.6,4.7,11.6,0,0.1,,,,23.9,69.8,1.5
QB,Nathan Peterman,BUF,50,28.5,292.5,1.5,1.5,3,11,0.1,0.4,,,,15.3,32.2,0
QB,Brandon Weeden,HOU,38.6,23.4,261.8,1.5,1.3,2.9,6.6,0,0,,,,14.8,40.5,1
QB,Landry Jones,PIT,35,20.7,237.5,1.1,1.1,2.4,8.2,0,0,,,,13,19.5,10.9
QB,Connor Cook,OAK,32.4,19.8,226.5,1.2,1,2.3,8.1,0,0,,,,12.9,12.5,12.5
QB,Blaine Gabbert,TEN,33,19.1,212.9,1.3,1.1,2,8,0,0,,,,12.5,31.1,1
QB,David Fales,MIA,33.1,19.2,212.4,1.1,1.2,2.7,10.6,0,0,,,,11.8,11.5,11.5
QB,Matt Barkley,CIN,23.6,14.2,163.3,0.8,0.6,1.2,3.6,0,0,,,,9,17,1
QB,Chase Daniel,CHI,20.8,12.9,146.9,0.8,0.2,1.2,2.4,0,0,,,,8.9,26.5,0.1
QB,Davis Webb,NYG,21.6,12.7,151,0.6,0.5,1.2,3.8,0,0.1,,,,7.8,12.8,7.6
QB,Jake Rudock,DET,23.1,12.7,147.5,0.6,0.8,1.2,4.6,0,0,,,,7.3,10.2,5.9
QB,Colt McCoy,WAS,17.6,10.6,123.5,0.6,0.5,1.5,4.6,0,0,,,,6.9,14.7,0.1
QB,Brett Hundley,GB,15.6,8.8,97.3,0.5,0.6,2,10,0,0.1,,,,6.1,10.5,1.4
QB,Paxton Lynch,DEN,16.4,9.5,104,0.5,0.5,1.3,7.3,0,0,,,,6,17.1,1
QB,C.J. Beathard,SF,16.6,9.8,107,0.3,0.3,1.4,6.9,0,0,,,,5.9,13.2,1
QB,Austin Davis,SEA,16.3,10,110.5,0.4,0.3,0.8,2.3,0,0,,,,5.7,11.9,0.1
QB,Cooper Rush,DAL,13.3,7.3,84.7,0.4,0.3,1.7,8.9,0,0,,,,5.6,11.8,0.1
QB,Trevor Siemian,MIN,14.3,8.8,97,0.3,0.3,1.3,6.1,0,0,,,,5.4,13,1
QB,Ryan Griffin,TB,16.3,8.7,101.1,0.5,0.5,1,3.6,0,0.1,,,,5.2,10.6,0.2
QB,Cody Kessler,JAC,13.6,7.9,88.6,0.5,0.3,0.9,2.3,0,0,,,,5.1,15.1,0.7
QB,Brock Osweiler,MIA,15.4,8.9,101.2,0.4,0.4,0.4,2.1,0,0,,,,5.1,15.5,0
QB,Tom Savage,NO,14.1,8.6,91,0.3,0.4,1.2,2.9,0,0,,,,4.7,10.1,1
QB,Brian Hoyer,NE,11.9,7.1,81.5,0.4,0.2,0.7,2,0,0,,,,4.6,12,0.8
QB,Chad Henne,KC,13.2,8,90.4,0.3,0.5,1.1,2.4,0,0,,,,4.2,10.7,0
QB,DeShone Kizer,GB,9.8,5.8,63.8,0.2,0.2,1.5,7,0,0,,,,3.8,13.9,0
QB,Sean Mannion,LAR,12,6.8,74.7,0.2,0.3,2,3.5,0,0,,,,3.7,9,0.2
QB,Mason Rudolph,PIT,8.8,5.3,61,0.4,0.3,0.3,1.2,0,0,,,,3.6,7.2,0.1
QB,Matt Schaub,ATL,9.1,5.7,67.9,0.3,0.2,0.6,1,0,0,,,,3.6,9.9,0.1
QB,Geno Smith,LAC,11.3,6.2,69.9,0.2,0.3,1,3,0,0,,,,3.3,9.7,0.5
QB,EJ Manuel,OAK,9.6,5.3,62.5,0.2,0.2,0.6,3.7,0,0,,,,3.2,11.6,0
QB,Taylor Heinicke,CAR,9.3,5.3,59.7,0.2,0.1,0.3,0.3,0,0,,,,3.2,10.8,0
QB,Matt Cassel,DET,2,1.3,11.5,0,0,0,0.1,0,0,,,,0.5,1,0
QB,Mike White,DAL,1.3,0.8,10.2,0.1,0.1,0.1,0.2,0,0,,,,0.5,1,0.1
QB,Kevin Hogan,WAS,1,1,9.5,0,0,0,1,0,0,,,,0.5,1,0
QB,Robert Griffin,BAL,1,0.5,5.5,0,0,0.5,1.5,0,0,,,,0.4,0.7,0
QB,Mike Glennon,ARI,1,0.5,6.5,0,0,0,0,0,0,,,,0.3,0.5,0
QB,Alex McGough,SEA,0,0,2,0,0,0,0,0,0,,,,0.1,0.1,0.1
QB,Danny Etling,NE,0,0,2,0,0,0,0,0,0,,,,0.1,0.1,0.1
QB,Garrett Gilbert,CAR,0,0,2,0,0,0,0,0,0,,,,0.1,0.1,0.1
QB,Tanner Lee,JAC,0,0,2,0,0,0,0,0,0,,,,0.1,0.1,0.1
QB,Kyle Lauletta,NYG,0,0,2,0,0,0,0,0,0,,,,0.1,0.1,0.1
QB,Luke Falk,TEN,0,0,2,0,0,0,0,0,0,,,,0.1,0.1,0.1
QB,Logan Woodside,CIN,0,0,2,0,0,0,0,0,0,,,,0.1,0.1,0.1
QB,Matt McGloin,KC,0,0,0,0,0,0,0,0,0,,,,0,0,0
QB,Jameill Showers,DAL,0,0,0,0,0,0,0,0,0,,,,0,0,0
QB,Bryce Petty,MIA,0,0,0,0,0,0,0,0,0,,,,0,0,0
QB,Drew Stanton,CLE,0,0,0,0,0,0,0,0,0,,,,0,0,0
QB,Taysom Hill,NO,0,0,0,0,0,0,0,0,0,,,,0,0,0
QB,Nate Sudfeld,PHI,0,0,0,0,0,0,0,0,0,,,,0,0,0
QB,Alex Tanney,NYG,0,0,0,0,0,0,0,0,0,,,,0,0,0
QB,Tyler Bray,CHI,0,0,0,0,0,0,0,0,0,,,,0,0,0
QB,Joe Callahan,PHI,0,0,0,0,0,0,0,0,0,,,,0,0,0
QB,Joe Webb,HOU,0,0,0,0,0,0,0,0,0,,,,0,0,0
QB,Cardale Jones,LAC,0,0,0,0,0,0,0,0,0,,,,0,0,0
